id,name,gender,dob,city,country
92-9237254,Annie Chapman,F,7/15/2005,Anchorage,United States
08-3134106,Martin Hawkins,M,2/28/2003,Kansas City,United States
12-0014377,Brenda Gardner,F,5/12/1986,San Francisco,United States
62-4848517,Lisa Sanders,F,11/16/1978,Mont-Saint-Hilaire,Canada
51-6388651,Steve Howard,M,1/13/1999,Halton,United Kingdom
75-3084207,Justin Long,M,11/9/1995,Carleton Place,Canada
71-0436232,Carolyn Howell,F,7/2/2001,Creighton,South Africa
75-9011832,Rose Baker,F,2/10/1987,Reston,United States
70-7517010,Sean Bell,M,10/1/1980,Witbank,South Africa
36-0431147,Terry Garcia,M,4/14/1991,Dallas,United States
14-9185845,Diane Foster,F,12/4/1977,Marieville,Canada
53-2852315,Steve Reynolds,M,8/22/1986,Nashville,United States
60-2752015,Victor Phillips,M,12/6/2002,Papineauville,Canada
61-2550650,Billy Ramirez,M,11/3/1982,Fredericton,Canada
27-9053679,Stephanie Cruz,F,2/23/1978,Sacramento,United States
56-4780795,Annie Schmidt,F,3/17/1998,Pittsburgh,United States
32-2821354,Jonathan Peters,M,12/6/2004,Madison,United States
31-2207662,Lawrence Ray,M,6/11/1989,Washington,United States
65-9907303,Melissa Hicks,F,2/1/2001,Hennenman,South Africa
86-5952573,Joe Gray,M,1/10/2005,Lakeland,United States
27-7756031,Pamela Snyder,F,9/4/1993,Whitchurch,United Kingdom
28-3257454,Jack Ferguson,M,6/12/1993,Kansas City,United States
17-8848231,Doris Thomas,F,4/22/2001,Waterbury,United States
32-5761832,Timothy Hart,M,9/21/1985,Golden,Canada
33-4298774,Amy Bennett,F,6/2/1993,Willowdale,Canada
47-9262627,Louise Wilson,F,5/10/1990,Sioux Falls,United States
80-1433475,Ruby Weaver,F,6/22/1989,Wilmington,United States
37-4942736,Donald Bailey,M,2/11/1976,Ucluelet,Canada
48-9206722,Anne Fox,F,7/27/1995,Topeka,United States
33-7065830,Larry Garza,M,2/22/1985,Maclear,South Africa
75-3299492,Russell Willis,M,4/15/1983,Cornwall,Canada
97-3543181,Barbara Sanders,F,9/1/2003,Hudson,Canada
81-0884723,Margaret Boyd,F,3/23/1992,Schenectady,United States
44-9870275,Michael Alexander,M,5/17/1982,Philadelphia,United States
93-9584356,Randy Carpenter,M,4/27/1988,Retreat,South Africa
43-7751466,Donna Simpson,F,6/30/1995,Merton,United Kingdom
11-4325983,Earl Hill,M,11/9/1984,Deep River,Canada
44-1530999,Albert Morales,M,11/26/1997,Little Rock,United States
48-8138563,Alice Nichols,F,5/9/1991,Topeka,United States
63-8202734,Christina Ramos,F,10/22/1996,Rochester,United States
20-7569212,Denise Porter,F,12/25/1987,Estevan,Canada
56-3298440,Timothy Hayes,M,5/5/2005,Pasadena,United States
88-9733233,Pamela Shaw,F,1/12/1995,Logan Lake,Canada
86-7418699,Janet Harris,F,12/19/1976,Houston,United States
90-3218091,Martha Ortiz,F,9/10/1976,Kirkton,United Kingdom
62-3851833,Tina Cook,F,3/4/1998,Arlington,United States
28-5068076,Maria Washington,F,5/17/1980,Neebing,Canada
51-8928759,Jonathan Oliver,M,5/4/2001,London,United Kingdom
82-8824692,Mildred Bradley,F,12/30/1978,Joliet,United States
92-6878698,Ernest Murphy,M,12/22/1978,Agassiz,Canada
84-1298014,Rachel Martin,F,8/20/1994,Philadelphia,United States
99-1363901,Christine Alvarez,F,12/18/1999,Ferme-Neuve,Canada
72-8388902,Keith Howard,M,4/18/2003,Swellendam,South Africa
18-7499874,Roger Jones,M,10/22/2004,Seattle,United States
58-5531054,Brian Medina,M,9/8/2001,Les Coteaux,Canada
47-2800487,Robin Elliott,F,3/12/1999,Orillia,Canada
05-3071819,Michael Jacobs,M,4/26/1999,Santa Cruz,United States
27-3830719,Earl Grant,M,5/29/1991,Little Current,Canada
48-0561730,Louis Green,M,9/19/1995,Church End,United Kingdom
30-5376925,Kathryn Mendoza,F,3/27/1994,Lynchburg,United States
50-9673266,Joshua Fowler,M,9/18/1992,Greensboro,United States
65-6604040,Judy Carroll,F,11/5/1996,Uitenhage,South Africa
25-7005029,Ralph Perkins,M,11/1/2002,West Palm Beach,United States
17-0710579,Janet Hernandez,F,8/13/1992,Greensboro,United States
65-0192975,Philip Shaw,M,8/19/1994,Houston,United States
38-5766835,Jane Perez,F,5/26/1979,Chattanooga,United States
21-4994074,Willie Warren,M,6/10/2005,Rockford,United States
73-7582238,Ruth Moreno,F,1/22/1986,Charlemagne,Canada
39-5242143,Benjamin Berry,M,7/12/1995,Renfrew,Canada
54-6248305,George Hall,M,11/12/2002,Midrand,South Africa
55-1575984,Patrick Perry,M,12/18/1978,Birmingham,United States
51-1469001,Kimberly Patterson,F,6/29/1998,Mossel Bay,South Africa
48-2945430,Elizabeth James,F,5/26/2000,Beaconsfield,Canada
61-4011460,Jose Davis,M,5/9/1982,Saint-Bruno-de-Montarville,Canada
56-2515834,Virginia Romero,F,2/4/1984,Washington,United States
27-5507780,Martin Moore,M,5/26/1985,Gananoque,Canada
44-7219488,Kenneth Foster,M,3/23/1993,El Paso,United States
14-0435775,Johnny Alexander,M,5/4/1981,Port Moody,Canada
10-7084415,Julia Young,F,4/28/1984,Staten Island,United States
62-5021340,Justin Jones,M,6/14/1985,Roberval,Canada
58-4124776,Jimmy Little,M,1/3/1993,Niverville,Canada
81-2654767,Kathy Fields,F,12/17/1998,Stockton,United States
94-6643354,Charles Moore,M,11/7/1985,Erie,United States
37-8053497,Keith Montgomery,M,3/25/1998,Senneterre,Canada
70-9968243,Kimberly Bowman,F,5/17/1996,Vredenburg,South Africa
31-3743602,Paul Thomas,M,11/3/1985,Victoria West,South Africa
33-9672348,Paula Diaz,F,9/18/2002,Bronx,United States
72-6389235,Jennifer Boyd,F,9/18/1992,Miami,United States
09-2843383,Carlos Freeman,M,2/17/1996,Jackson,United States
87-0651546,Martin Duncan,M,7/11/1988,Baton Rouge,United States
81-6528972,Wayne Hill,M,12/21/1996,Bonnyville,Canada
93-8495870,Eric Dixon,M,10/6/1999,Minnedosa,Canada
83-1081631,Robin Price,F,6/17/1977,Oklahoma City,United States
19-7318597,Craig Martin,M,1/15/1992,Hyattsville,United States
09-7261187,Jennifer Henry,F,9/2/2001,El Paso,United States
04-6516321,Lawrence Stewart,M,4/29/1981,Saint-Lin-Laurentides,Canada
44-2745251,Sandra Garrett,F,9/7/1997,Lumby,Canada
16-7703451,Deborah Bailey,F,5/8/1996,Roanoke,United States
01-1076657,Carl Little,M,2/18/2003,Nipawin,Canada
55-8369079,Wanda Ward,F,8/11/1992,Anchorage,United States
70-1861376,Shirley Powell,F,1/15/1992,Pasadena,Canada
04-1708323,James Knight,M,2/8/1980,Jacksonville,United States
05-2149540,Ralph Gordon,M,7/3/1987,Sainte-Agathe-des-Monts,Canada
21-5376437,Louise Walker,F,12/13/1998,Montgomery,United States
37-5491932,Mary Watson,F,9/14/1987,Newark,United States
83-8562000,Gloria Wood,F,2/7/1991,Boston,United States
60-1475097,Juan Harper,M,6/22/1981,San Jose,United States
47-2179054,Juan Foster,M,2/22/1989,Plettenberg Bay,South Africa
76-4617121,Roy Payne,M,2/1/1995,Sainte-Anne-de-Bellevue,Canada
12-6720857,Christina Green,F,10/10/1992,Washington,United States
12-3397841,John Morrison,M,2/13/1995,Miami,United States
34-1633689,Jane Chavez,F,1/1/1994,Roanoke,United States
36-1589811,Norma Dean,F,4/24/1981,Columbus,United States
20-2864256,Jerry Schmidt,M,8/25/1994,Springfield,United States
71-5989910,Jane Frazier,F,2/15/1979,Orangeville,Canada
65-7838507,Steven Mccoy,M,3/3/1992,Salt Lake City,United States
38-2233333,Victor Powell,M,1/17/2003,Carletonville,South Africa
62-0830908,Deborah Harvey,F,8/22/1981,Papineauville,Canada
93-9133704,Earl Bowman,M,1/6/1978,Nelspruit,South Africa
20-8778719,Evelyn Brooks,F,9/28/1990,London,United Kingdom
98-1285011,Joseph Martin,M,1/11/1995,Ixopo,South Africa
73-2788714,Robert Owens,M,9/15/1994,Bronx,United States
88-2187638,Teresa Collins,F,3/25/1999,Pierreville,Canada
42-3366274,Laura Flores,F,5/17/1988,Pretoria,South Africa
41-8786965,Carl Reid,M,12/25/2000,Cincinnati,United States
30-8588543,Stephen Russell,M,6/29/1991,Vredenburg,South Africa
90-8138571,Andrew Reed,M,12/29/1983,New York City,United States
45-7573556,Phillip Hamilton,M,1/22/2003,North Cowichan,Canada
69-2732312,Edward Robertson,M,3/28/1993,Jamaica,United States
01-6715076,Daniel Riley,M,9/4/1997,Grand Forks,United States
25-1544606,Louise Chapman,F,9/11/1997,Boucherville,Canada
03-9043911,Larry Ramos,M,11/22/1976,Bethlehem,South Africa
00-7287876,Virginia Robertson,F,8/7/1989,Albuquerque,United States
47-5502745,Jason Cole,M,6/11/1977,Ashton,South Africa
28-7938992,Margaret Alvarez,F,3/19/1990,Lamont,Canada
38-2732538,Tina Griffin,F,6/28/2001,Marston,United Kingdom
84-2812953,Ryan Mendoza,M,6/6/1993,Pangnirtung,Canada
65-9918707,Amanda Adams,F,5/13/1997,Paterson,United States
40-0059149,Randy Grant,M,3/12/1993,Nashville,United States
52-6140882,Roy Morrison,M,9/2/1978,Terre Haute,United States
54-8696842,Richard Martinez,M,6/9/1977,Knoxville,United States
14-0693029,Ernest Sanders,M,10/24/1979,Mount Ayliff,South Africa
45-9267632,Matthew Ortiz,M,5/30/1993,Washington,United States
81-4297552,Amanda Bradley,F,1/20/1989,Ladner,Canada
26-1346465,Michael Griffin,M,8/14/1995,Fermont,Canada
62-2124841,Lori Clark,F,10/28/1985,Detroit,United States
99-0939065,Kelly Walker,F,2/2/1994,New Hyde Park,United States
28-6601775,Anne Phillips,F,7/11/1978,Osoyoos,Canada
42-3601726,Lois Moreno,F,10/11/1988,Hartford,United States
62-9121485,Todd Nguyen,M,10/7/1979,Merritt,Canada
21-5427309,Alan Morgan,M,5/16/2003,Saint Paul,United States
49-4973890,Charles Day,M,4/12/1999,Moorreesburg,South Africa
02-9867641,Joshua Webb,M,4/13/1999,Maple Plain,United States
69-6542473,Shirley Ferguson,F,4/7/1978,Phalaborwa,South Africa
61-1654023,Brenda Thompson,F,5/6/1984,Jefferson City,United States
46-4487217,Lillian Bell,F,4/16/1980,Tucson,United States
55-3464891,Raymond Hawkins,M,7/12/1990,Nashville,United States
52-2658689,Dorothy Rose,F,10/31/1989,Constantia,South Africa
76-3626876,Richard Cooper,M,4/26/1987,Rochester,United States
60-0737360,Walter Webb,M,3/18/1991,New York City,United States
87-5273386,Carolyn Miller,F,11/24/1994,Lloydminster,Canada
80-1395641,Albert Roberts,M,6/25/2002,New York City,United States
80-1284062,Christine Wilson,F,1/10/1982,Las Vegas,United States
90-5840059,Walter Daniels,M,9/25/1980,Watrous,Canada
83-4733242,Todd Stanley,M,8/21/1987,Scottsdale,United States
73-3197111,Teresa Turner,F,11/8/2000,Bothaville,South Africa
54-1523366,Cynthia Gordon,F,8/16/1976,Greensboro,United States
29-9776558,Marie Franklin,F,2/21/1996,Waterloo,Canada
69-2036614,Samuel Kim,M,6/24/1980,Racine,United States
94-7250345,Brian Perry,M,10/9/1982,Allentown,United States
98-4542754,Rachel Frazier,F,10/2/1993,Chicago,United States
01-7778677,Barbara Castillo,F,5/14/1981,Midland,United States
20-3948088,Heather Jackson,F,4/21/1980,Virginia,South Africa
92-2945223,Kenneth Scott,M,6/21/1996,Milton,United Kingdom
82-7934631,Samuel Ortiz,M,12/5/1980,Chicago,United States
59-3432843,Philip Castillo,M,2/14/2005,Deneysville,South Africa
19-0832199,Amanda Day,F,10/9/1994,Bellevue,United States
78-1174647,Chris Turner,M,2/17/1976,Austin,United States
09-5456264,Jean Fowler,F,1/10/1983,Thessalon,Canada
64-0667910,Benjamin Garcia,M,1/20/1983,Nelson,Canada
91-2115062,Martin Gardner,M,6/18/2004,Joliette,Canada
27-4754152,Shirley Harvey,F,3/25/1998,Lexington,United States
28-0703884,John Alexander,M,6/13/1998,Hudson Bay,Canada
37-6236404,Victor Wheeler,M,3/8/2005,Tucson,United States
30-1401782,Willie Russell,M,9/18/1976,Peoria,United States
96-0902594,Martha Barnes,F,1/30/2000,Durham,United States
71-8030892,Harry Boyd,M,10/30/2003,Boise,United States
77-5325590,Jean Ferguson,F,4/9/1986,Huntsville,United States
06-6344168,Lois Webb,F,6/20/1993,Bloomington,United States
85-8987677,Mary Howard,F,8/27/1990,Wilmington,United States
21-0495757,Daniel Young,M,9/22/1989,Bloemfontein,South Africa
91-0635463,Irene Gonzalez,F,10/14/1996,Markham,Canada
45-8164313,Elizabeth Welch,F,7/28/1983,Topeka,United States
48-3041168,Lisa Medina,F,8/16/1998,Gravelbourg,Canada
41-3491963,Elizabeth Snyder,F,1/14/2001,Vegreville,Canada
76-2061262,Thomas Sullivan,M,11/20/1995,Fort Pierce,United States
36-8262542,Anna Garcia,F,5/8/1993,Madison,United States
00-3904187,Donna Garza,F,5/21/1985,Bells Corners,Canada
14-3850109,Arthur Gonzalez,M,9/18/1990,Washington,United States
38-1420897,Kathleen Reyes,F,4/22/1978,Nanton,Canada
37-0702600,Sara Alexander,F,7/28/1981,Cincinnati,United States
24-1895732,George Howell,M,1/5/1978,Cradock,South Africa
94-6459784,Maria Wells,F,11/18/1982,New Bedford,United States
63-4795655,Kevin Coleman,M,2/9/1990,San Angelo,United States
25-1458295,Jesse Hughes,M,6/13/1993,Cape Town,South Africa
46-8448557,Bonnie Campbell,F,2/28/1986,Tulsa,United States
95-7434378,James Watson,M,1/22/1979,Collingwood,Canada
72-5469594,Ashley Carr,F,4/18/1981,Rosebank,South Africa
86-3305410,Russell Turner,M,7/7/1978,Inuvik,Canada
32-6679507,George Campbell,M,4/27/1996,Johnson City,United States
02-2539928,Robert Hansen,M,8/1/1998,Burgersfort,South Africa
45-1367280,Fred Morales,M,3/21/1993,Scranton,United States
02-3887409,Doris Harris,F,10/20/1980,Sherwood Park,Canada
82-3228804,Samuel Weaver,M,7/28/1985,Maniwaki,Canada
19-8059066,Kathryn Henry,F,10/5/1979,Kissimmee,United States
99-6114301,Emily Chapman,F,4/7/1989,Trenton,United States
24-8279904,Janice Young,F,2/8/2000,Gananoque,Canada
71-3748110,Karen Cooper,F,6/23/2000,New Orleans,United States
76-7961832,Terry Alvarez,M,9/15/1981,Richmond,United States
04-3733096,Arthur Elliott,M,1/1/1988,Adelaide,South Africa
36-2914725,Helen Gardner,F,9/5/1981,Springfield,United States
54-0628995,Jose Gardner,M,7/22/1990,Saint Louis,United States
91-7569922,Ernest Fisher,M,3/28/1979,Niagara Falls,Canada
90-5056655,Douglas Rogers,M,1/28/1991,Madison,United States
26-2806034,Lillian Ortiz,F,8/4/1978,Jacksonville,United States
32-3116581,Judy Ramos,F,8/4/1981,Havre-Saint-Pierre,Canada
36-2985970,Ruth Garcia,F,5/30/1984,Inglewood,United States
99-2913192,Sarah Richardson,F,2/11/1995,Salt Lake City,United States
38-8312073,Samuel Ross,M,6/1/1997,Baie-Comeau,Canada
92-9208097,Stephen Wallace,M,7/9/1983,Saguenay,Canada
84-2923817,Elizabeth Russell,F,9/26/2004,Agassiz,Canada
44-1770624,Christopher Stephens,M,1/14/1976,London,United Kingdom
45-5811584,Andrew Olson,M,4/26/2004,Staten Island,United States
01-9548745,Antonio Bryant,M,4/7/1993,Arlington,United States
93-9309667,Shirley Medina,F,10/2/2004,Grand Rapids,United States
29-8850890,Mary Ford,F,7/19/2002,Houston,United States
80-2590288,Richard Hughes,M,8/31/2000,Orange Farm,South Africa
42-8632922,Irene Bryant,F,5/31/2003,Fredericton,Canada
04-9871431,Denise Bradley,F,12/14/1981,Youngstown,United States
03-2886528,Peter Hunter,M,12/20/1994,Orlando,United States
82-1021725,Jerry Knight,M,3/6/2002,Albany,United States
81-3108344,Ruth Frazier,F,11/4/2001,Langford,Canada
17-0866090,Debra Morrison,F,5/21/1997,Saint Paul,United States
38-1061964,Wanda Reed,F,1/2/1980,Oudtshoorn,South Africa
78-5620018,Denise Taylor,F,3/26/2004,Charleston,United States
41-2593864,Eric Arnold,M,9/30/1978,Santa Rosa,United States
07-3328927,Ruth Turner,F,1/18/1992,Ponoka,Canada
21-9239556,Brian Reyes,M,6/19/1982,Coaticook,Canada
11-4303944,Jonathan Smith,M,10/14/2004,Des Moines,United States
59-6237496,Louis Fernandez,M,6/3/1981,Salt Lake City,United States
92-5276322,Marie Rose,F,1/19/1986,El Paso,United States
63-7636003,Clarence Ford,M,12/24/1989,Greytown,South Africa
01-2225038,Jonathan Sims,M,10/28/1991,Brooklyn,United States
37-6414422,Anna Morales,F,9/14/1983,London,United States
24-3974593,Julia Rice,F,12/12/2002,Medicine Hat,Canada
92-8880978,Henry Lewis,M,10/22/1984,Greensboro,United States
57-6444772,Nicole Gibson,F,12/26/1996,Washington,United States
07-0689946,Betty Franklin,F,2/15/1978,Bloomington,United States
04-6011731,Michael Bennett,M,9/15/1996,New York City,United States
61-4708266,Evelyn Owens,F,6/20/1977,Richibucto,Canada
37-9199846,Eric Hicks,M,9/8/2001,Dallas,United States
22-6261000,Karen Owens,F,12/28/1994,Tuscaloosa,United States
42-6650708,Heather Owens,F,10/14/1995,Albuquerque,United States
55-6243535,Martha Richardson,F,11/11/1979,Ceres,South Africa
53-6683209,Michael Webb,M,4/26/1984,Shreveport,United States
77-8070149,Nancy Richards,F,7/15/1992,White River,South Africa
73-9329519,Phyllis Miller,F,1/5/1976,Calvinia,South Africa
08-3224567,Deborah Olson,F,7/8/1982,Lorraine,Canada
67-2718674,Roy Jackson,M,11/29/1989,Newark,United States
86-0153853,Louise Perkins,F,12/23/1976,Camperdown,South Africa
66-7582669,Joyce Lee,F,3/21/1983,Saint Paul,United States
82-2742600,Stephanie Peters,F,10/6/1986,Austin,United States
79-9408802,Jeffrey Gordon,M,8/10/2001,Houston,United States
99-2069361,Karen Arnold,F,4/23/1982,Arlington,United States
16-4372821,Beverly Richardson,F,12/4/2004,Springfield,United States
66-3286964,Irene Ramirez,F,7/11/2004,Windsor,Canada
31-8185133,Joyce Duncan,F,5/2/1995,Pofadder,South Africa
89-3365955,Alan Russell,M,8/12/1979,Charlotte,United States
63-4127051,Janice Gibson,F,2/8/1983,Hudson Bay,Canada
59-0085408,Juan Moreno,M,4/16/2004,Swellendam,South Africa
98-0843718,Tina Cruz,F,10/2/1987,Burgeo,Canada
18-1662195,Mary Walker,F,9/28/2002,Durham,United States
20-2542568,Charles Woods,M,6/16/1989,New York City,United States
81-2957898,Philip Austin,M,8/21/2003,Houston,United States
63-7429130,Elizabeth Boyd,F,7/6/1978,San Jose,United States
31-1621575,Ann Lawson,F,6/21/1993,Miramichi,Canada
98-0900142,Jack White,M,4/4/1985,Saint-Rémi,Canada
78-8436728,Tina Price,F,10/18/1977,Virden,Canada
83-1525920,Tina Gonzalez,F,6/16/1986,Bothaville,South Africa
94-7239808,Dorothy Rice,F,10/5/1989,Albuquerque,United States
16-9333623,Eric Bryant,M,7/27/2002,Danbury,United States
61-4183580,Carl Henry,M,12/7/1983,Lansing,United States
65-9711630,Jason Dunn,M,1/11/1981,South Bend,United States
68-9678893,Paula Burns,F,10/18/1980,Kathu,South Africa
16-3873498,Juan Richardson,M,3/17/1984,Los Angeles,United States
08-1676398,Virginia Burns,F,4/18/2001,Lorraine,Canada
87-5249376,Rose Fox,F,7/22/1989,Thompson,Canada
71-6176564,Sara Greene,F,1/2/1983,Sunnyvale,United States
36-8039912,Todd Patterson,M,7/19/2003,Markham,Canada
68-5739969,Pamela Lopez,F,10/16/2004,London,United Kingdom
28-1700728,Jason Coleman,M,1/29/2002,Port-Cartier,Canada
19-8534397,Walter Kelly,M,6/1/1998,Topeka,United States
62-5351258,Patrick Wells,M,10/11/1999,El Paso,United States
02-1900775,Michelle Smith,F,8/3/2002,Irving,United States
31-9530400,Jennifer Butler,F,3/4/1985,Racine,United States
52-1636824,Louise Mills,F,5/7/1996,Lansing,United States
02-3786037,David Stone,M,9/19/1987,Thorpe,United Kingdom
79-5945617,Harry Moreno,M,12/25/1995,Pasadena,United States
85-8722859,Donna Elliott,F,7/16/1993,Terre Haute,United States
77-6608682,Diana James,F,1/14/1986,Washington,United States
25-6900357,Barbara Watson,F,3/1/1985,Mount Frere,South Africa
00-5561749,Andrea Russell,F,4/25/1993,Stamford,United States
02-5977908,Steven Wood,M,10/12/1977,Greytown,South Africa
98-5317129,Todd Palmer,M,2/16/2001,Hanna,Canada
24-0475036,Kathleen Austin,F,3/10/1984,Zephyrhills,United States
79-8248694,Jane Spencer,F,7/11/1981,Washington,United States
77-8753911,Thomas Taylor,M,3/25/2004,Lichtenburg,South Africa
30-1533766,Sara Weaver,F,5/21/1999,Campbellton,Canada
40-1047171,Jacqueline Nelson,F,4/8/1994,Belfast,Canada
11-0412721,Willie Green,M,12/16/1980,Topeka,United States
30-3836794,Sara Jackson,F,4/17/2002,Dallas,United States
46-4833646,Kelly Little,F,8/15/2000,Washington,United States
81-7220778,Jonathan Kelley,M,8/6/1989,Horton,United Kingdom
63-9153982,Jonathan Bowman,M,1/12/1990,Columbus,United States
77-8690444,Gary Medina,M,9/28/2004,Parrsboro,Canada
22-1625558,Christopher Ortiz,M,12/22/2003,Beaconsfield,Canada
71-8433510,Wanda Bishop,F,11/8/1988,Les Coteaux,Canada
18-2934477,Thomas Warren,M,5/31/2000,Bloemhof,South Africa
90-6524976,Bobby Elliott,M,9/29/1980,Diepsloot,South Africa
00-3138330,Roger Myers,M,8/14/1996,Houston,United States
52-5992068,Eugene Gomez,M,12/22/1984,Lynchburg,United States
45-0043640,Julie Morales,F,8/22/1981,Waco,United States
17-9995999,Julia Bell,F,8/8/1994,Vredendal,South Africa
29-6457582,John Hall,M,10/22/2000,Lady Grey,South Africa
01-8225418,Linda Fowler,F,11/1/1975,Alexandria,United States
94-1171418,Dennis Wilson,M,1/12/1976,Campbellton,Canada
60-5201273,Sara Hunter,F,11/30/1977,Kansas City,United States
86-7243224,Anne Hill,F,5/31/2003,Philadelphia,United States
22-0984682,Brandon Cooper,M,2/1/1987,North Bay,Canada
51-1521633,Anthony Scott,M,7/13/1995,Cincinnati,United States
51-4070622,Julie Stephens,F,12/31/1993,Toledo,United States
35-6879447,Angela Rose,F,3/26/2004,Fox Creek,Canada
39-9227214,Michael Gray,M,10/3/1998,Montréal-Ouest,Canada
83-7026397,Beverly Perkins,F,11/21/2002,Oklahoma City,United States
74-1402740,Jennifer Stevens,F,12/11/1990,Saint-Bruno-de-Montarville,Canada
25-6827089,Benjamin Peterson,M,9/23/1988,Alhambra,United States
03-4522553,Joe Dixon,M,11/11/1991,Swindon,United Kingdom
16-1441794,Robin Harris,F,12/19/1991,Denver,United States
69-1008298,Jack Graham,M,4/7/1976,Saint Paul,United States
43-8676397,Martin Elliott,M,8/1/2003,Hermanus,South Africa
26-4452070,Emily Kelly,F,5/16/1984,Silver Spring,United States
44-8719226,Gerald Robertson,M,11/17/1999,Volksrust,South Africa
60-0208167,Andrew Stewart,M,5/20/1980,Dalmeny,Canada
75-3660592,Harold Crawford,M,10/2/1996,Kokstad,South Africa
30-9536208,Betty Sanders,F,8/8/2003,Lubbock,United States
49-1533443,Lisa Barnes,F,10/1/1991,Petrolia,Canada
50-8223325,Terry Brooks,M,4/21/1986,Richmond,United States
88-3804824,Johnny Perkins,M,1/22/1982,Beaufort,United States
52-2363713,Joshua Davis,M,12/26/1996,Denton,United Kingdom
66-9418058,Frances Spencer,F,9/16/1982,Cumming,United States
09-8510620,Douglas Mccoy,M,6/27/1977,Swan Hills,Canada
74-0669553,Kimberly Hart,F,10/15/1990,Fort Worth,United States
75-2447682,Harold Morris,M,10/10/1991,Aston,United Kingdom
87-3625780,Victor Mccoy,M,7/5/1979,Grahamstown,South Africa
23-2132592,Debra Jenkins,F,8/14/1996,Austin,United States
54-0321937,Rachel White,F,3/12/1980,Saint Paul,United States
40-8449198,Carlos Nelson,M,9/6/1985,Springfield,United States
94-9160570,Richard Griffin,M,4/14/1989,Claremont,South Africa
69-4227425,Jacqueline Watkins,F,2/12/1993,Merton,United Kingdom
66-6752052,Judith Stone,F,9/5/1989,Pemberton,Canada
68-6336537,Lisa Porter,F,8/12/1994,Houston,United States
15-3349107,Kathy Moore,F,2/1/1984,Minneapolis,United States
13-7186486,Paul Grant,M,7/20/1987,Cincinnati,United States
13-9434674,Jimmy Medina,M,12/21/2001,Sainte-Sophie,Canada
35-4630713,Edward Stone,M,4/1/1983,Kokstad,South Africa
46-3363258,Adam Ellis,M,4/7/1986,Washington,United States
15-0703985,Jeffrey Ross,M,2/9/1987,Hanover,Canada
12-4616191,Amanda Black,F,7/30/1994,Saint Augustine,United States
23-9010960,Debra Powell,F,11/4/2003,Akron,United States
13-2818103,Sandra Bailey,F,8/1/1991,Lansing,United States
15-6395200,Angela Hart,F,2/19/2000,Lansing,United States
27-9673083,Catherine Gardner,F,6/20/1976,Beloeil,Canada
94-3222117,Juan Garrett,M,6/29/1994,New York City,United States
88-1120666,Amy Bishop,F,7/31/2004,Hermanus,South Africa
69-5460898,Frances Sanchez,F,8/21/1981,Atikokan,Canada
31-4492968,Doris Robertson,F,3/27/1993,Grand Rapids,United States
48-0052307,Frank Mccoy,M,5/12/1983,Kugluktuk,Canada
87-7651412,Donald Spencer,M,4/30/2000,Bowen Island,Canada
20-3830088,Richard Hudson,M,2/4/1999,Indianapolis,United States
83-8234564,Ronald Hansen,M,8/30/1982,Naples,United States
41-9841757,Ann Crawford,F,9/9/1988,Houston,United States
74-2085383,Thomas Fuller,M,11/16/2004,Bancroft,Canada
46-6816683,Mark Wallace,M,5/18/1982,Atlanta,United States
38-2885426,Sara Fernandez,F,5/10/1988,Sacramento,United States
10-1621573,Jeremy Kennedy,M,1/19/1984,Boca Raton,United States
10-7738600,Fred Hamilton,M,11/2/1981,Las Vegas,United States
77-1992548,James Larson,M,10/31/1979,Meadow Lake,Canada
73-0721105,Barbara Cruz,F,6/25/1977,Saint-Joseph-de-Coleraine,Canada
01-3295089,Annie Snyder,F,8/12/1998,Fullerton,United States
47-5916286,Rachel Ellis,F,2/28/1985,Gravelbourg,Canada
56-4424495,James Harper,M,10/5/1983,Bronkhorstspruit,South Africa
88-2968661,Pamela Richards,F,1/2/1992,Lynchburg,United States
40-5764568,Frank Bryant,M,10/2/1978,Seminole,United States
75-8321940,Ronald Martin,M,4/2/1982,Montgomery,United States
12-9483712,Antonio Howard,M,3/23/1995,Roanoke,United States
99-3102630,Michelle Elliott,F,6/20/1989,Harrismith,South Africa
42-4813733,Amy Mason,F,11/22/1987,Los Angeles,United States
24-3197905,Ralph Banks,M,6/19/1995,Oklahoma City,United States
51-7098657,Amanda Lawrence,F,7/26/1996,Ashley,United Kingdom
85-2609676,Joshua Ray,M,6/22/1979,Wichita,United States
18-6800147,Shirley Butler,F,11/11/1991,Cleveland,United States
25-6899503,Craig Thompson,M,2/14/2005,Dundee,South Africa
33-6639535,Sean Peterson,M,11/3/1980,Ashcroft,Canada
93-5328189,Lillian Bell,F,3/30/2001,Margate,South Africa
16-1629987,Ralph Foster,M,7/10/1984,Rayside-Balfour,Canada
06-6083124,Annie Stevens,F,10/18/1986,Montgomery,United States
00-9039325,Carolyn Palmer,F,6/22/1984,Whitwell,United Kingdom
77-5498671,Brenda Mitchell,F,7/17/2004,North Little Rock,United States
82-2546239,Laura Morris,F,6/28/1982,Birmingham,United Kingdom
08-6279111,Terry Olson,M,9/4/1981,Pasadena,United States
80-4908124,Willie Richards,M,12/2/1977,Saint-Bruno-de-Guigues,Canada
46-3679381,Deborah Hansen,F,10/29/1987,Smoky Lake,Canada
26-5406501,Ashley Ramirez,F,3/3/1978,Thabazimbi,South Africa
58-3866308,Lawrence Scott,M,9/30/1982,Louisville,United States
49-3500756,Earl Roberts,M,7/2/1990,Nashville,United States
65-5814332,Thomas Jenkins,M,11/18/1988,Golden,Canada
67-6672738,Marie Mills,F,9/26/1993,Baton Rouge,United States
57-3165765,Mildred Wagner,F,7/3/1977,New York City,United States
77-8008626,Tina Ford,F,8/27/2003,Izingolweni,South Africa
39-3490674,Ernest Gonzales,M,3/27/1977,Miami,United States
48-3775822,Anne Griffin,F,2/9/1988,Detroit,United States
91-2709891,Julia Hart,F,10/31/1985,Hollywood,United States
84-9060931,Sarah Roberts,F,3/11/1980,Littleton,United States
35-2247174,Mildred Carter,F,8/16/1989,Matatiele,South Africa
46-6150102,Paul Bailey,M,2/10/2005,Sacramento,United States
07-0252564,Russell Franklin,M,12/4/1977,Invermere,Canada
19-3636161,Phillip Moore,M,7/5/1976,Barrie,Canada
60-1343159,Rachel Stanley,F,12/27/1986,Las Vegas,United States
01-0101995,Terry Freeman,M,12/6/1995,Petaluma,United States
27-9690707,Jerry Riley,M,5/20/1977,Atlanta,United States
82-1155863,Clarence Crawford,M,8/6/1999,Grand Rapids,United States
48-1132626,Sarah Phillips,F,1/10/1982,New Orleans,United States
67-8795354,Brian Burke,M,4/6/1991,Columbus,United States
86-6578126,Albert Kennedy,M,12/10/2003,Scottsdale,United States
78-8564143,Anne Wheeler,F,1/14/1995,Bassano,Canada
57-7473268,Joe Torres,M,5/31/1976,Sacramento,United States
72-4547165,Cynthia Montgomery,F,6/21/1996,Saint Louis,United States
01-5879685,Amanda Hamilton,F,8/25/1987,Lexington,United States
10-0918804,Teresa Hicks,F,12/29/1978,Timmins,Canada
45-3728388,Paul Peters,M,6/7/1993,Morris,Canada
88-0890164,Marie Cooper,F,1/17/1986,Medicine Hat,Canada
64-1325815,Katherine Rogers,F,10/3/1982,Upton,United Kingdom
74-2005097,Rebecca Carr,F,9/22/1983,El Paso,United States
02-4530029,Ryan Rose,M,4/25/1989,Spirit River,Canada
45-3404281,Kevin Jackson,M,12/23/1988,Dean,United Kingdom
73-4597320,Janice Perez,F,5/2/1986,Houston,United States
77-6836321,Diane Wheeler,F,2/21/2004,Lady Grey,South Africa
27-4267185,Joe Crawford,M,1/11/1988,Whittier,United States
34-3882729,Lori Murray,F,6/3/1988,Kokstad,South Africa
98-5165775,Nicole Reynolds,F,9/23/1986,Kugluktuk,Canada
10-1887891,Robin Morgan,F,8/4/1999,Newark,United States
88-6462944,Douglas Diaz,M,6/12/1989,Dorchester,Canada
81-7134659,Victor Bailey,M,6/11/2002,Weyburn,Canada
06-3302729,Chris Hamilton,M,8/1/1987,Lebel-sur-Quévillon,Canada
25-8783139,Evelyn Owens,F,7/12/1989,Fort Beaufort,South Africa
80-0335665,Rachel Snyder,F,4/5/2004,Charleston,United States
10-0842067,Robert Diaz,M,2/28/1994,Vanderhoof,Canada
03-2593797,Heather Martinez,F,1/26/1993,Bloomington,United States
23-9835494,William Ray,M,6/4/1984,Saint Paul,United States
84-4372219,Deborah Ryan,F,2/28/1988,Harrisburg,United States
99-3456328,Janet Ross,F,2/5/1989,Bowen Island,Canada
23-8573029,Matthew Torres,M,1/24/2003,San Francisco,United States
34-9270399,Michelle Payne,F,2/9/1987,San Francisco,United States
45-3169400,Theresa Owens,F,3/9/2005,Richmond,United States
26-6030911,Karen Knight,F,9/20/2001,Nicolet,Canada
89-9226040,Eric Dean,M,10/18/1998,Colorado Springs,United States
44-2402632,Kathleen Oliver,F,1/8/2000,Houston,United States
00-2557477,Debra Lynch,F,4/10/1985,Krugersdorp,South Africa
73-1774992,Evelyn Freeman,F,7/19/1979,Hartswater,South Africa
27-6372269,Ryan King,M,9/2/1996,Bloemfontein,South Africa
89-8345263,Brandon Martinez,M,1/23/1987,Vancouver,United States
73-2660916,Kenneth Walker,M,3/12/1976,San Angelo,United States
81-4477780,Louise Sanders,F,6/18/2000,Omaha,United States
80-8137056,Teresa Fields,F,2/22/1991,Denver,United States
76-9849998,Carl Mendoza,M,3/14/1992,Church End,United Kingdom
10-3661231,Linda Myers,F,2/4/1982,Kansas City,United States
17-7734952,Evelyn Meyer,F,9/29/1990,Lancaster,United States
99-9027235,Russell Lane,M,11/18/1989,Clearwater,United States
78-6623707,Gloria Burton,F,12/12/1997,Omaha,United States
03-5364672,Judith Hall,F,2/19/1987,Omaha,United States
31-3361928,Linda Murray,F,11/7/1979,Arlington,United States
06-8980897,Ruby Simpson,F,2/16/1996,Dollard-Des Ormeaux,Canada
89-0219669,Kevin West,M,9/16/1993,Marieville,Canada
44-9461957,Stephanie Edwards,F,4/27/1997,Colorado Springs,United States
02-7649827,John Mason,M,9/5/1979,Nigel,South Africa
14-7011478,Rachel Hill,F,1/3/1988,Glasgow,United Kingdom
84-9796363,Heather Barnes,F,8/11/1988,Sheffield,United Kingdom
38-9591204,Cynthia Wheeler,F,9/30/1990,Austin,United States
21-6075335,Ann Lane,F,8/24/1990,Dayton,United States
98-6272563,Debra Little,F,3/19/1999,Bromont,Canada
37-9995952,Dennis Bailey,M,4/16/2003,Smiths Falls,Canada
10-0001445,Phyllis Carroll,F,8/22/1978,Grimshaw,Canada
38-3486537,Diane Stevens,F,3/2/1999,Kansas City,United States
40-6645876,Kenneth Alvarez,M,10/26/2004,Sacramento,United States
69-2487049,Marilyn Nichols,F,10/3/2003,London,United Kingdom
56-0209997,Carlos Evans,M,4/21/1991,Newark,United States
81-7969532,Sharon Marshall,F,12/17/1993,Oakville,Canada
76-4667019,Jennifer Gonzalez,F,6/2/1993,Shreveport,United States
17-4593328,Aaron Palmer,M,10/17/1987,Chicago,United States
32-3580509,Dorothy Robinson,F,5/19/1994,El Paso,United States
66-3906908,Timothy Perry,M,11/23/2003,San Jose,United States
37-1308870,Albert Rice,M,1/6/1996,Glasgow,United Kingdom
66-2928082,Jane Ellis,F,4/24/1997,Charlton,United Kingdom
01-7846538,Elizabeth Fields,F,12/2/1983,Noupoort,South Africa
90-4053916,Daniel Cook,M,2/1/1993,Knoxville,United States
94-1871455,Julie Allen,F,3/8/1981,Olympia,United States
58-3996876,Roger Hughes,M,2/21/1979,Hagerstown,United States
76-3186490,Andrea Brown,F,9/22/1980,Benoni,South Africa
38-9234243,Sean Garcia,M,10/18/1988,Port Saint Lucie,United States
54-4082199,Stephen Brown,M,7/12/2005,Daytona Beach,United States
94-8404634,Evelyn Collins,F,8/31/1982,Fort Lauderdale,United States
66-7453217,Cheryl Sanders,F,2/15/1989,Westonaria,South Africa
62-3069820,Virginia Fowler,F,11/24/1980,Scottsdale,United States
32-3541932,Dennis Garcia,M,3/2/1989,Manchester,United Kingdom
51-7243434,Andrea Daniels,F,11/11/1975,Queenstown,South Africa
93-5266968,Lillian Carr,F,1/21/1983,Houston,United States
80-8158900,Henry Jacobs,M,2/24/1997,Thorold,Canada
69-6294476,Deborah Murphy,F,3/27/2000,Tarkastad,South Africa
87-7248248,Alice Peterson,F,12/7/1982,Milwaukee,United States
73-1974172,Brenda Burke,F,7/26/1980,Whittier,United States
21-9502785,Harold Watkins,M,5/24/2003,Beaverton,United States
43-7049831,Randy Jacobs,M,3/1/2004,Morinville,Canada
44-2446139,Russell Rice,M,4/29/1987,Las Vegas,United States
50-4116661,Antonio Fowler,M,9/9/1988,Kansas City,United States
52-0738355,Diane Ramos,F,8/16/2005,San Jose,United States
11-1757439,Brenda Stephens,F,4/16/1987,Saint Louis,United States
54-7133092,Larry Ramos,M,6/12/2002,Victoriaville,Canada
45-2780531,William Campbell,M,4/26/2003,Amarillo,United States
50-9749604,Nicholas Cooper,M,10/5/1980,Garden Grove,United States
79-6862792,Elizabeth Price,F,2/3/1985,Elliot,South Africa
61-4548294,Phillip Hawkins,M,6/16/1997,Sacramento,United States
46-9961736,Larry Patterson,M,2/20/1982,Boynton Beach,United States
14-3656948,Edward Stephens,M,10/3/1979,Charlotte,United States
82-9591574,Kevin Gonzalez,M,9/18/1979,Preston,United Kingdom
67-4418722,Bobby Andrews,M,1/7/1980,Lavaltrie,Canada
29-3973221,Janet Olson,F,11/18/1988,Forestville,Canada
15-7204643,Russell Rose,M,9/12/1976,Los Angeles,United States
43-0938165,Anne Ross,F,12/11/2003,Dayton,United States
31-6712113,Jerry Harper,M,11/14/1981,Waterloo,Canada
84-2646381,Stephanie Holmes,F,12/7/2002,Matagami,Canada
46-4081103,Amanda Perkins,F,8/21/2002,El Paso,United States
27-0938229,Eric Bishop,M,10/8/1978,Greensboro,United States
45-2799337,Christina Scott,F,3/6/2000,Charlton,United Kingdom
95-3195746,Todd Robertson,M,4/5/1993,Lumby,Canada
66-4278112,Ryan Fields,M,6/7/2000,Bonnyville,Canada
33-1462628,Jeremy Pierce,M,12/31/1980,Saint-Sauveur,Canada
31-5471814,Martha Chavez,F,8/26/1998,Boshof,South Africa
73-3330768,Catherine Foster,F,6/12/2001,Richmond,United States
88-1408641,Jennifer Mendoza,F,6/9/1987,Koppies,South Africa
14-0402813,Bruce Roberts,M,5/10/2001,Dulles,United States
70-0073676,Howard Dean,M,1/14/2002,Thetford-Mines,Canada
53-3722176,David James,M,9/17/1993,Washington,United States
33-8047471,Todd Baker,M,8/13/1993,Nigel,South Africa
64-4835977,Sharon Cole,F,11/16/1976,Midland,United States
87-3947186,Adam Andrews,M,4/7/1999,Bonnyville,Canada
32-5775448,Timothy Reyes,M,11/6/1975,Charlottesville,United States
65-6393607,Michael Peterson,M,8/22/2001,Fruitvale,Canada
04-7881056,Jessica Stevens,F,4/4/1997,Kansas City,United States
89-6684655,Ronald Phillips,M,9/25/1984,Wilkes Barre,United States
11-8683798,Thomas Snyder,M,6/2/2002,Princeville,Canada
72-4097719,Anthony Burton,M,11/24/1981,Wilmington,United States
64-3443193,Jose Arnold,M,12/7/1995,El Paso,United States
46-4328554,Ronald Hayes,M,10/6/1997,Peoria,United States
75-5585645,Bonnie Anderson,F,11/13/1984,Scottsdale,United States
52-2689223,Harold Owens,M,2/23/1983,El Paso,United States
99-5661600,Stephen Williamson,M,7/20/1991,Washington,United States
87-2234438,Amy Olson,F,9/26/1986,Des Moines,United States
80-5956156,Albert Lawson,M,10/30/1991,North Little Rock,United States
46-3194952,Bruce Butler,M,7/30/2000,Lichtenburg,South Africa
61-1300312,Diana Ramos,F,9/18/1985,Sydney Mines,Canada
31-2051176,Jeffrey Rogers,M,8/11/1999,Espanola,Canada
02-2044914,Mary Ramirez,F,4/22/2005,Shawnee Mission,United States
92-5552422,Irene Mills,F,5/29/1984,Birmingham,United States
88-4272778,Louis Wood,M,5/15/1978,Fort Wayne,United States
56-4831681,Roger Long,M,8/19/1981,Memphis,United States
84-1417917,Janet Montgomery,F,3/13/2000,Santa Barbara,United States
49-0530426,Dorothy Riley,F,11/20/1976,Wichita,United States
23-3112129,Ann Alvarez,F,12/27/1999,Reston,United States
94-6178756,Sharon Reynolds,F,8/4/1998,Canton,United States
95-7889198,Brian Richardson,M,1/7/1976,Houston,United States
51-0013412,Sean Lawson,M,8/19/2004,Walnut Grove,Canada
27-9863038,Joe Perez,M,11/1/1992,Adstock,Canada
16-9104488,Louis Morris,M,10/17/1978,Fredericton,Canada
80-3949926,Larry Coleman,M,1/31/1985,Nipawin,Canada
54-0322286,Sean Fox,M,11/13/1996,Jackson,United States
02-0532241,Aaron Elliott,M,12/22/1992,Walton,United Kingdom
87-1650183,Kenneth Hunter,M,4/2/1995,Estevan,Canada
25-5270933,Randy Nelson,M,11/18/1999,Willowmore,South Africa
90-8370848,Kimberly Nelson,F,3/8/1976,Washington,United States
47-9869627,Peter Wagner,M,6/21/1988,Petrolia,Canada
76-9604004,Rachel Richards,F,8/11/1990,White River,South Africa
05-9622985,Michelle Henderson,F,9/27/2003,Philadelphia,United States
27-6141381,Elizabeth Taylor,F,12/16/1989,Wingham,Canada
58-6922427,Steven Weaver,M,8/28/1989,Saint-Jérôme,Canada
91-4361238,Barbara Carroll,F,8/24/1999,Pittsburgh,United States
86-9040617,Rebecca Patterson,F,11/20/1989,Schaumburg,United States
94-6653460,Bobby Morrison,M,7/6/1976,Charleston,United States
19-9863768,Robert Foster,M,4/23/1994,Durham,United States
24-0493554,Robert Ray,M,9/26/1978,Orlando,United States
06-2562217,Eric Ray,M,4/1/1993,Mpumalanga,South Africa
67-1202417,Rose Williamson,F,3/21/1978,eMbalenhle,South Africa
51-0497311,Sharon Elliott,F,5/17/1984,Koffiefontein,South Africa
04-4856006,Alan Martin,M,6/4/1978,Kokstad,South Africa
95-1271190,Margaret Mcdonald,F,6/1/1976,Englewood,United States
53-2608828,Daniel Davis,M,11/2/1989,Peddie,South Africa
19-9427648,Jose Watson,M,2/2/1976,Beauceville,Canada
99-6082431,Barbara James,F,7/27/1993,Saint-Augustin-de-Desmaures,Canada
41-0662504,Daniel Henry,M,12/15/1987,Port Nolloth,South Africa
11-2485590,Katherine Foster,F,11/9/1975,London,Canada
00-5570262,Doris Andrews,F,6/27/1991,Houston,United States
10-4016793,Albert Lee,M,10/21/1986,Greensboro,United States
87-7994681,Jimmy Gray,M,9/17/1981,New-Richmond,Canada
99-7909991,Jacqueline Kelley,F,3/16/1983,Craigavon,United Kingdom
61-0761730,Lawrence Hanson,M,11/13/1996,Wichita,United States
45-5412187,Kathleen King,F,5/12/1980,Dallas,United States
32-2668767,David Harris,M,5/20/1990,San Diego,United States
77-6131828,Brenda Reid,F,12/25/1997,Jackson,United States
05-3659211,Julie Chapman,F,10/9/1993,Atikokan,Canada
74-4460608,Ann Foster,F,11/9/1980,San Diego,United States
03-4972564,Keith Ramos,M,10/31/1986,Roodepoort,South Africa
90-0608542,John Parker,M,11/11/1986,Dallas,United States
51-7687710,Debra Meyer,F,9/19/1978,New Orleans,United States
56-1561825,Shawn Fowler,M,6/13/1999,Trenton,United States
46-9306420,Jason Carroll,M,12/26/1981,Willowdale,Canada
48-3887088,Paula Ramos,F,9/1/1995,Mtubatuba,South Africa
55-6136250,Joyce Gomez,F,11/11/1980,Charlton,United Kingdom
48-5761954,Jason Ruiz,M,4/23/1978,Boulder,United States
62-3533260,Aaron Thompson,M,10/29/1977,Winnipeg,Canada
39-9193812,Shirley Montgomery,F,12/23/2000,Upton,United Kingdom
56-1232807,Margaret Garcia,F,10/2/1981,Milwaukee,United States
35-8873937,Craig Stanley,M,10/8/1979,Knoxville,United States
54-8731805,Betty Lawrence,F,3/21/1998,Mount Pearl,Canada
32-0717253,Martin Castillo,M,7/14/1999,Springfield,United States
58-8881000,Kimberly Long,F,11/23/1989,L'Île-Perrot,Canada
26-5756936,Dorothy Wheeler,F,7/3/1982,Dewetsdorp,South Africa
72-3843141,Phyllis Kelley,F,9/22/1989,Hartford,United States
67-7111397,Ronald Ramirez,M,3/21/1988,Detroit,United States
74-1749388,Cheryl Jenkins,F,9/14/1995,Beaufort,United States
92-3613187,Norma Day,F,4/29/1996,Dallas,United States
29-6589955,Amy Day,F,1/31/1993,Macon,United States
35-7123492,Mary Brooks,F,1/20/1982,Delareyville,South Africa
76-0456827,Phyllis Gray,F,11/19/1997,San Antonio,United States
42-0091044,Doris Sanchez,F,9/21/2003,Smiths Falls,Canada
27-2152824,Janet Morales,F,5/15/1994,Nashville,United States
90-8114706,Joseph Patterson,M,2/1/1999,Atlanta,United States
40-7467407,Kelly Frazier,F,4/28/1977,Sacramento,United States
68-3418840,Earl Murray,M,3/6/1989,Arnprior,Canada
26-3610493,Henry Harris,M,5/19/1991,Claresholm,Canada
41-0620675,Lillian Boyd,F,3/24/1985,Trois-Rivières,Canada
52-4587308,Samuel Bryant,M,4/10/1999,Albanel,Canada
08-7754266,Eugene Knight,M,6/5/1977,Little Rock,United States
26-6429792,Daniel Peters,M,9/24/1976,Alberton,Canada
36-7528065,Eric Riley,M,1/13/1978,Los Angeles,United States
48-9814675,Carlos Henderson,M,5/20/1984,Salt Lake City,United States
53-3817280,William Ford,M,1/8/1982,Chico,United States
17-3221318,Walter Hill,M,3/5/1983,Alberton,Canada
59-3482414,Maria Garrett,F,2/15/2001,Omaha,United States
39-6247418,Cheryl Hill,F,3/25/1990,El Paso,United States
15-5687770,Heather Dixon,F,8/12/2005,Rockford,United States
57-4434284,Bobby Diaz,M,9/10/1978,Rochester,United States
72-8018550,Beverly Dean,F,11/13/1983,Atlanta,United States
86-1789443,Johnny Sanchez,M,2/24/1979,Wilkes Barre,United States
10-2396025,Lillian Gilbert,F,1/6/1992,Los Angeles,United States
54-8167958,Charles Mitchell,M,6/25/1993,Shreveport,United States
25-4605370,Howard Parker,M,11/29/1977,Otterburn Park,Canada
55-8814320,Patricia Wright,F,6/22/1998,Senekal,South Africa
57-4138226,Martha Hart,F,12/13/1981,London,United Kingdom
82-5423261,Sharon Gilbert,F,3/9/2005,Little Current,Canada
38-0986499,Virginia Bailey,F,4/25/1997,Denver,United States
95-7416109,Andrew Kennedy,M,3/22/1996,Amarillo,United States
04-1347465,Joyce Edwards,F,4/24/1993,Atikokan,Canada
37-6767676,Diane Campbell,F,7/26/2000,Washington,United States
64-8435404,Chris Daniels,M,1/11/1999,Ficksburg,South Africa
42-5233443,Kevin Taylor,M,8/13/2002,Victoria West,South Africa
09-7471976,Kimberly Phillips,F,10/30/2001,Belfast,Canada
39-3691700,Christina Walker,F,9/19/2003,Baltimore,United States
65-3162812,Phillip Morris,M,4/22/1998,San Antonio,United States
03-1500165,Joyce Sullivan,F,1/10/1998,Ashcroft,Canada
17-4310820,Tina Fernandez,F,1/8/1987,Kansas City,United States
54-2122138,Gregory Fuller,M,1/4/1988,Los Angeles,United States
74-7319751,Heather Hanson,F,7/17/2004,Charlemagne,Canada
68-2081152,Johnny Bailey,M,11/4/1993,Sicamous,Canada
44-8456622,Laura Mitchell,F,3/18/1985,Beaumont,United States
18-4382721,Amanda Cole,F,1/13/1991,Trois-Rivières,Canada
61-5751874,Fred Lawrence,M,3/29/1980,Lydenburg,South Africa
36-5877355,Sara Castillo,F,6/1/1990,Moncton,Canada
57-7081328,David Bennett,M,9/23/1983,Saint Louis,United States
98-3817574,Jesse Mitchell,M,2/2/1993,Tallahassee,United States
84-6941299,Ann Anderson,F,7/5/1984,Catalina,Canada
98-6648384,Samuel Owens,M,1/26/1983,Vancouver,United States
22-9854966,Walter Dean,M,8/18/1981,Silver Spring,United States
19-2094643,Jeremy Perry,M,12/17/1986,Racine,United States
70-3494763,Todd James,M,4/14/1981,Jacksonville,United States
78-7062226,Lawrence Walker,M,8/18/1979,Whistler,Canada
86-8361288,Nicholas Robinson,M,10/18/1995,Phoenix,United States
39-7262318,Bruce Morrison,M,4/20/2003,Liverpool,United Kingdom
33-6317916,Jimmy Carroll,M,3/4/1992,Melbourne,United States
58-6528039,Kelly Adams,F,7/10/1996,Fox Creek,Canada
69-7060620,Debra Simmons,F,6/29/1978,Seattle,United States
52-9950435,Brian Jenkins,M,4/22/1985,Anmore,Canada
12-6606048,Julia Kim,F,11/21/1997,Young America,United States
38-9198118,Theresa Williamson,F,2/25/1990,Norfolk,United States
72-4384342,Julie Arnold,F,7/28/1985,Washington,United States
85-0299714,Johnny Fields,M,8/27/1981,Peachland,Canada
81-9155233,Pamela Torres,F,2/22/1985,Oromocto,Canada
94-4845067,Frank Bishop,M,7/8/1997,Washington,United States
42-5027171,Bruce Torres,M,6/5/2002,Pittsburgh,United States
12-5754604,Carl Crawford,M,6/21/1994,Bronx,United States
66-0139255,Catherine Montgomery,F,1/17/1994,El Paso,United States
06-4505932,Marie Edwards,F,9/3/1995,Hantsport,Canada
22-0766477,Susan Watkins,F,5/10/1997,Reno,United States
21-1533001,Harry Ford,M,7/3/1988,Halton,United Kingdom
33-8293563,Stephen Banks,M,7/9/2002,Philadelphia,United States
98-4707679,Gloria Berry,F,2/23/1995,Memphis,United States
74-9523286,Nancy Butler,F,7/25/1994,Mont-Laurier,Canada
29-7186906,Martin Watkins,M,2/4/1981,Springbok,South Africa
13-6706346,Cheryl Peterson,F,9/9/1976,Aurora,United States
20-7926558,Victor Washington,M,6/3/1979,Jeffrey’s Bay,South Africa
08-4187911,Benjamin Brooks,M,11/11/1977,Boston,United States
39-6084794,Nicole Tucker,F,2/27/1978,Newark,United States
29-9070700,Jacqueline Cox,F,7/28/1986,Summerside,Canada
29-1311542,Helen Torres,F,2/8/1993,Richards Bay,South Africa
71-8059779,Donna Long,F,9/11/1982,High Point,United States
00-7124170,Eric Alexander,M,4/21/1980,Digby,Canada
70-8939461,Carl Patterson,M,9/8/1983,Albany,United States
89-2232690,Julie Ellis,F,8/12/1992,Jacksonville,United States
16-2027124,Joe Lopez,M,8/12/2005,Huntington,United States
64-1528197,Evelyn Robertson,F,11/30/1992,Dordrecht,South Africa
57-2431448,Samuel Weaver,M,3/6/1984,Saint Paul,United States
99-7919631,Eric Russell,M,5/9/1981,Louis Trichardt,South Africa
40-8042351,Christina Perkins,F,4/6/2001,Garies,South Africa
81-2920865,Chris Matthews,M,2/26/1994,Waterloo,Canada
11-3361883,Sarah Riley,F,5/7/1978,Minneapolis,United States
95-8006164,Stephen Watkins,M,6/18/1985,New York City,United States
46-8120530,Pamela Perez,F,3/7/1989,Baie-D'Urfé,Canada
00-7972964,Debra Perry,F,12/19/2004,Austin,United States
57-3108930,Alice Dixon,F,3/11/1977,Madison,United States
00-7709434,Terry Banks,M,12/27/1994,Reno,United States
96-9990893,Joshua Thomas,M,7/24/2003,Otterburn Park,Canada
13-4015001,Timothy Carr,M,12/7/1990,North Little Rock,United States
71-3681717,Paul Wilson,M,2/20/1993,Washington,United States
50-2291214,Cheryl Phillips,F,2/16/1987,Honolulu,United States
76-2333982,Janet Powell,F,4/23/1981,Des Moines,United States
79-1943276,Marilyn Lopez,F,2/24/1986,Chilliwack,Canada
81-7656372,Rose Richardson,F,2/14/2005,Harbour Breton,Canada
44-5677096,Christine Watson,F,4/9/1998,San Antonio,United States
52-4226913,Jonathan Owens,M,4/18/1990,Torbay,Canada
14-4923596,Barbara Lawson,F,7/15/1999,Colorado Springs,United States
61-6780086,Harold King,M,11/21/2004,Tulsa,United States
01-3207603,Doris Mccoy,F,3/10/1996,San Jose,United States
68-4744589,Laura Jones,F,3/25/1982,Montague,Canada
74-5676221,Jason Powell,M,3/30/1994,New York City,United States
76-2106812,Gerald Green,M,11/29/1995,Marston,United Kingdom
36-2297496,Jeffrey King,M,4/23/1999,Chicago,United States
68-9080887,Tammy Black,F,8/30/2003,Fort Worth,United States
06-8202913,Steven Fisher,M,7/23/1978,Musina,South Africa
50-0061539,Patricia Bowman,F,1/19/1987,Sussex,Canada
79-8868106,Alan Webb,M,9/3/1978,Houston,United States
13-3398887,Gregory Cruz,M,10/21/1978,Roblin,Canada
36-1073540,Mark Dean,M,5/30/2002,Indianapolis,United States
07-5715305,Rebecca Baker,F,10/27/1978,Brooklyn,United States
02-8444141,Scott Duncan,M,10/12/2000,Lynn,United States
42-9709822,Andrew Gray,M,12/6/2004,Two Hills,Canada
58-9277342,Martin Wright,M,4/15/1996,Chandler,United States
65-5086418,Lois Reynolds,F,1/28/1978,Germiston,South Africa
11-8115784,Bobby Diaz,M,11/30/1996,Colorado Springs,United States
28-3022433,Harold Wheeler,M,1/29/1980,Princeville,Canada
82-3235423,Billy Wallace,M,9/4/2003,Joliette,Canada
96-2892761,Laura Ruiz,F,1/7/1987,Des Moines,United States
71-1293405,Judy Bell,F,8/11/1983,Kitchener,Canada
10-6267588,Paul Crawford,M,6/20/1988,Manchester,United Kingdom
16-3384784,Mildred Mcdonald,F,5/24/1976,Chicago,United States
68-2601329,Betty Fisher,F,6/15/1996,Los Angeles,United States
28-8787691,Richard Armstrong,M,3/1/2005,Thulamahashi,South Africa
95-4670583,Willie Griffin,M,9/23/1983,Reno,United States
60-8243624,Betty George,F,4/9/1999,San Francisco,United States
40-5013343,Frances Nichols,F,2/24/2000,Jacksonville,United States
28-9793973,Russell Jordan,M,4/2/1992,Springfield,United States
64-5078219,Ernest Wells,M,11/8/1988,Van Nuys,United States
82-6871187,Jonathan Spencer,M,2/1/1993,Boise,United States
62-5906729,Kelly Austin,F,7/26/1996,Birmingham,United States
56-4482070,Patricia Adams,F,8/4/1977,Westonaria,South Africa
38-3000532,Jessica Johnson,F,1/3/1994,Stony Plain,Canada
58-8827718,Larry Hall,M,8/4/1998,Wichita,United States
54-1143178,Evelyn Wagner,F,6/23/1992,Tucson,United States
45-8842193,Andrew Parker,M,8/27/1997,Denton,United States
64-4792699,Paula Lawson,F,11/9/1998,Beausejour,Canada
79-9211968,Annie James,F,4/2/1989,Winston Salem,United States
63-5736043,Debra Davis,F,2/21/1990,Charlemagne,Canada
08-4902958,Kathleen Cruz,F,12/8/1988,Maclear,South Africa
75-4859180,Jean Perry,F,1/5/1991,Pittsburgh,United States
50-0708054,Kathryn Long,F,10/14/1976,Carolina,South Africa
90-1396002,Gregory Gardner,M,11/29/2001,Rochester,United States
32-9797661,Scott Mendoza,M,2/19/1990,Ajax,Canada
08-3809010,Albert Peters,M,8/24/2000,San Diego,United States
04-2596619,Carol Walker,F,2/23/2004,Jasper Park Lodge,Canada
42-7230403,Christina Simpson,F,9/19/1989,Louisville,United States
29-4180204,Lawrence Hunter,M,3/29/1990,Bowen Island,Canada
37-3910963,Shirley Perry,F,11/13/1990,Piet Retief,South Africa
44-3106605,Patricia Pierce,F,8/8/1989,Saint Paul,United States
36-5173057,Timothy Garrett,M,6/10/1987,Huntington,United States
62-4172761,Keith Campbell,M,12/15/1996,Church End,United Kingdom
96-5631321,Carolyn Mendoza,F,5/16/1982,Drayton Valley,Canada
42-1221023,Janice Stevens,F,8/6/1980,San Antonio,United States
51-5174790,Lori Smith,F,2/4/1999,Beaufort West,South Africa
76-6451067,Julia Harris,F,12/26/1977,Waterbury,United States
06-2284177,Martha Cooper,F,5/16/1988,Williston,South Africa
72-8957723,Debra Carpenter,F,11/14/1977,Kimberley,Canada
07-9718252,Scott Hayes,M,7/16/1996,Greater Napanee,Canada
47-4216543,Kimberly Collins,F,5/20/1976,Dallas,United States
27-6482995,Robin Carroll,F,1/28/1997,San Jose,United States
91-9976547,Paul Spencer,M,2/7/2004,Brooklyn,United States
05-7882312,William Watkins,M,6/4/1982,Jefferson City,United States
51-0082738,Jack Kennedy,M,6/13/1980,Magog,Canada
20-8664413,Randy Powell,M,4/24/1978,Messina,South Africa
85-0050617,Philip Shaw,M,2/2/1994,Neebing,Canada
57-1732443,Julie Gardner,F,2/27/1995,Rocky Mountain House,Canada
95-1933390,Matthew Lane,M,8/16/2003,Senneterre,Canada
35-7932610,Ryan Bailey,M,7/31/2000,Bedford,Canada
65-5921908,Judith Vasquez,F,8/23/2004,Whittier,United States
83-1291808,Douglas Morales,M,9/7/1977,Mobile,United States
23-9755963,Lisa Henderson,F,9/15/2002,Huntsville,United States
00-6056980,Ruby Kelly,F,4/30/1998,Carlsbad,United States
89-9674453,Louis Richards,M,2/6/1995,Casselman,Canada
67-7287442,James Mendoza,M,1/16/1998,North Bay,Canada
56-1626446,Amy Price,F,5/26/1990,Logan Lake,Canada
42-5744932,Kevin Thomas,M,3/29/1992,Topeka,United States
80-6836849,Eric Green,M,9/19/1976,Saguenay,Canada
96-8977883,Wayne Burke,M,6/30/1988,Amos,Canada
26-1097766,Judith Webb,F,1/12/1989,Iqaluit,Canada
24-8879463,Annie Kelly,F,7/7/1991,Izingolweni,South Africa
23-8152396,Ryan Clark,M,8/18/1991,Mount Ayliff,South Africa
31-0530147,Todd Fox,M,5/4/1999,Muskegon,United States
20-6721600,Irene Garza,F,2/24/1990,Otterburn Park,Canada
44-4981578,Russell White,M,5/19/1978,Houston,United States
55-6227527,Martin Cooper,M,12/31/1977,Ocala,United States
48-1674284,Douglas Thomas,M,12/5/1976,Burgeo,Canada
49-0460781,Diana Watkins,F,8/7/1994,Delson,Canada
86-6437391,Annie Fields,F,9/3/1979,Minneapolis,United States
08-0478821,John Stephens,M,2/4/1997,Albany,United States
07-6852559,Lillian Gomez,F,4/12/1979,Zeerust,South Africa
12-3139701,Carol Wagner,F,2/23/1996,Washington,United States
67-1814059,Charles Austin,M,11/15/1997,Portland,United States
80-7649156,Brandon Morgan,M,12/7/1983,Seattle,United States
70-2499956,Sarah Hunt,F,10/5/2003,Richmond,United States
87-6573005,Catherine Hughes,F,8/17/1977,Santa Ana,United States
89-5582240,Diane Arnold,F,7/22/1992,Sainte-Anne-des-Monts,Canada
07-7332193,James Nichols,M,2/22/1994,Sacramento,United States
19-1477150,Sharon Sullivan,F,6/29/1999,Bancroft,Canada
91-9134026,Paul Lynch,M,4/24/2004,Amherstburg,Canada
26-8399465,Louis Lawson,M,6/12/2002,Denver,United States
30-0996761,Terry Reynolds,M,11/10/1990,Bethal,South Africa
45-7655423,Ronald Andrews,M,8/9/1990,San Diego,United States
73-4248150,Howard Barnes,M,6/20/1997,Flagstaff,South Africa
36-1697173,Mark Myers,M,7/4/1988,Blackfalds,Canada
18-3850978,Charles Gomez,M,7/14/1980,Richards Bay,South Africa
93-3719237,Keith Cruz,M,4/24/1978,Kraaifontein,South Africa
30-9984887,Gloria Riley,F,2/27/2001,Saint Joseph,United States
22-6549767,Patrick Banks,M,11/6/1986,Burns Lake,Canada
44-8181050,Christina Nguyen,F,11/3/1994,Phoenix,United States
60-0587292,Paula Nichols,F,12/22/1992,Atlanta,United States
92-0742338,Matthew Phillips,M,3/28/1995,San Francisco,United States
46-5003567,Nicole Arnold,F,1/17/1992,Lacolle,Canada
50-3913789,Jesse Fuller,M,1/9/1997,San Rafael,United States
87-7096495,Frances Wood,F,11/11/1984,Upton,United Kingdom
65-0678672,Anne Lopez,F,8/21/1990,Orlando,United States
50-3596349,Terry Murray,M,7/16/1992,Rocky Mountain House,Canada
21-9837637,Nicholas Harrison,M,10/12/1976,Minneapolis,United States
16-9336537,Kenneth Austin,M,9/23/1984,Harrisburg,United States
71-6491925,Diane Burns,F,6/24/1995,Lac-Mégantic,Canada
83-8904677,David Stanley,M,4/29/2003,Lansing,United States
12-4624135,Eugene Young,M,4/7/1993,Independence,United States
56-8526928,Ralph Dixon,M,4/16/1995,Camperdown,South Africa
37-3745870,Tina Moreno,F,1/27/1988,Fort Worth,United States
17-4174170,Justin Frazier,M,5/28/1984,Spring,United States
15-1487893,Kathleen Ellis,F,5/1/1981,Worcester,South Africa
75-1530898,Tammy Watkins,F,8/29/1999,Mtubatuba,South Africa
84-7380472,Julie Pierce,F,4/2/1980,New York City,United States
67-2003355,Arthur Wood,M,5/10/1990,Kinloch,United Kingdom
51-0005141,Joshua Burns,M,1/7/1985,Smithers,Canada
76-2260696,Michelle White,F,9/19/1992,Nakusp,Canada
22-3845583,Jerry Hayes,M,10/7/1993,Ndwedwe,South Africa
06-9163818,Catherine Owens,F,10/17/1997,Summerside,Canada
90-4880401,Margaret George,F,1/14/1977,Fresno,United States
76-9208368,Jeremy Kim,M,11/17/2003,Deep River,Canada
19-4066663,John Moore,M,6/3/1998,Austin,United States
69-6223871,Raymond Cooper,M,10/3/1975,Glasgow,United Kingdom
00-1581378,Samuel Nelson,M,2/28/1980,Dallas,United States
22-5666429,Lawrence Sanders,M,3/29/1987,Tacoma,United States
72-0202026,Angela Moreno,F,7/30/1981,New York City,United States
82-4611048,Andrea Garrett,F,1/30/1987,Irving,United States
66-6986502,Melissa Andrews,F,6/28/1995,Hoopstad,South Africa
41-1822922,Jeremy Boyd,M,10/17/2001,Carman,Canada
24-5621273,Samuel Jackson,M,7/16/1977,Columbus,United States
86-3645396,Douglas Bell,M,10/6/1991,Beaverlodge,Canada
67-2051868,Alan Grant,M,7/19/1980,Lexington,United States
42-5886836,Jessica Snyder,F,1/21/1986,Bryan,United States
96-0203809,Harry Anderson,M,4/11/1997,Atlanta,United States
35-3602080,Jerry Fisher,M,3/9/1993,Salt Lake City,United States
05-1377550,Harold Fox,M,11/13/1995,Minnedosa,Canada
40-5226748,Scott Anderson,M,3/14/1978,North Battleford,Canada
38-4573314,Henry Morales,M,9/29/1980,Saint Joseph,United States
37-0624117,Norma Lee,F,1/30/1999,Akron,United States
13-2896448,Jose Moreno,M,3/12/1998,Hartford,United States
40-9831475,Terry Young,M,5/19/2002,Houston,United States
38-3369798,Bruce Stevens,M,4/16/1999,Washington,United States
59-2081607,Phillip Reynolds,M,4/23/1992,Columbia,United States
87-6149069,Ryan Walker,M,2/4/1988,Craigavon,United Kingdom
97-1391035,John Bell,M,6/16/2005,Nashville,United States
31-7986396,Daniel Cole,M,12/4/1980,Philadelphia,United States
04-7591613,Albert Patterson,M,1/17/1980,Koppies,South Africa
91-0132399,Carol Moreno,F,12/22/1998,Berea,South Africa
08-1833714,Mary Henderson,F,4/14/1985,Neuville,Canada
14-8856907,Alan Hansen,M,3/3/1996,Tucson,United States
00-5211258,Fred Bradley,M,12/28/1994,Allanridge,South Africa
51-2156588,Daniel Barnes,M,4/12/1998,Fort Worth,United States
97-2420071,Gloria Price,F,12/17/1979,Saint-André-Avellin,Canada
53-3311212,Gary Gibson,M,3/18/2002,Tallahassee,United States
21-1994278,Howard Butler,M,6/26/1976,Barkly East,South Africa
41-1536104,Sharon Hanson,F,9/3/1992,Alexandria,United States
93-3850634,Ruth Hunter,F,6/22/1978,Springfield,United States
01-9423128,Adam Hamilton,M,11/24/1978,Mpumalanga,South Africa
09-3929791,Julia Scott,F,3/5/1997,Lawrenceville,United States
98-2557993,Aaron Snyder,M,2/17/1987,Seattle,United States
68-2557706,Todd Ruiz,M,1/14/1994,Princeville,Canada
44-5833427,Bruce Carpenter,M,1/27/1996,Phuthaditjhaba,South Africa
15-6683180,Carlos Greene,M,4/8/1988,Notre-Dame-de-l'Île-Perrot,Canada
96-9335496,Joshua King,M,9/22/1986,Fort McMurray,Canada
17-7870513,Tammy Burke,F,12/17/1984,Deep River,Canada
04-8467241,Jason Ford,M,2/24/1977,Aurora,United States
24-2133928,Rachel Garcia,F,9/27/1993,Senneterre,Canada
84-5406752,Johnny Jacobs,M,4/9/2003,New York City,United States
66-1156034,Ann Moreno,F,10/9/1981,Lincoln,United States
81-4155260,Jessica Ellis,F,3/2/2000,Lewisporte,Canada
22-7826821,Patrick Nguyen,M,5/15/1990,Logan Lake,Canada
19-7243108,Billy Carr,M,12/7/1992,Chase,Canada
39-0165497,Tina Mills,F,5/9/2003,Jamaica,United States
06-0721498,Lori Day,F,11/9/1982,Wootton,United Kingdom
18-5014713,Roger Burke,M,7/15/1986,Fresno,United States
73-8481776,Sarah Jordan,F,5/29/1991,Cala,South Africa
51-4071714,Edward Garza,M,11/14/1991,Boynton Beach,United States
57-2088860,Louis Green,M,3/29/1996,Ferme-Neuve,Canada
60-5131119,Kelly Richards,F,11/19/2004,Elmira,United States
49-6628521,Cheryl Griffin,F,10/12/1986,Newton,United States
79-3024212,Donald Ferguson,M,8/1/1984,Beaufort West,South Africa
67-0506662,Aaron Bailey,M,7/4/1981,Newark,United States
64-7411112,Johnny Holmes,M,3/17/1982,Honolulu,United States
83-2175139,Kevin Franklin,M,1/27/2003,Marieville,Canada
41-5999057,Rose Russell,F,6/7/1982,Louisville,United States
48-2292515,Sarah Austin,F,1/18/2001,Taung,South Africa
99-1747659,Norma Olson,F,4/25/1981,Detroit,United States
79-5590125,Nicholas Howell,M,1/6/1977,Lacolle,Canada
10-7900493,Nicole Rice,F,3/12/1978,Decatur,United States
81-0703727,Brenda Hawkins,F,1/28/1984,Detroit,United States
54-2748456,Aaron Freeman,M,5/13/1996,Saint-Ambroise,Canada
48-3454616,Arthur Shaw,M,7/20/2002,Golden,Canada
40-7984753,Peter Hamilton,M,7/6/1998,Antigonish,Canada
51-2780599,Nancy Collins,F,3/24/1979,Vancouver,United States
97-8674334,Steve Lawrence,M,11/9/1986,Colorado Springs,United States
43-3961413,Scott Foster,M,6/7/1984,Ajax,Canada
08-0340879,John Rivera,M,5/29/2000,Port Nolloth,South Africa
17-7233720,Lois Mccoy,F,3/19/1987,Powassan,Canada
61-1726132,Jennifer Kennedy,F,11/28/1997,Newark,United States
01-6144206,Frank Carr,M,7/4/1999,Pietermaritzburg,South Africa
15-9619001,Sara Torres,F,7/28/1996,Houston,United States
86-6103660,Benjamin Cunningham,M,4/25/1979,Omaha,United States
70-9724814,Philip Gilbert,M,5/25/1988,Kensington,Canada
80-7498482,Lori Reed,F,5/12/1997,Hamilton,United States
79-8507435,Tammy Payne,F,4/20/1976,Sacramento,United States
02-3210888,Susan Matthews,F,2/16/1990,Houston,United States
41-3840581,Steven Vasquez,M,8/25/1977,Trail,Canada
37-4910174,Andrea Fox,F,10/21/1990,Vaudreuil-Dorion,Canada
99-9865582,Arthur Morrison,M,2/22/1994,Springfield,United States
83-6533863,Craig Sanders,M,11/13/2004,Atlanta,United States
55-6566727,Robert King,M,11/4/1975,Thompson,Canada
67-3529412,Helen Parker,F,12/22/1988,Charlotte,United States
74-5294530,Evelyn Ward,F,12/2/1987,Swan Hills,Canada
34-9059042,Steven Grant,M,2/23/2000,Chicago,United States
93-8514497,Nancy Hernandez,F,11/18/1979,Lancaster,United States
20-7339676,Virginia Ellis,F,4/25/1976,San Angelo,United States
43-1982008,Timothy Cruz,M,9/3/1991,Okanagan,Canada
40-3048222,Linda Harper,F,8/29/1983,Dallas,United States
43-2204281,David Ford,M,1/30/1990,Peoria,United States
95-4619473,Craig Clark,M,11/27/2001,Boston,United States
08-6068894,Steven Jones,M,12/26/1997,Columbus,United States
00-9617479,Nicholas Alexander,M,3/14/1998,Buffalo,United States
56-9823737,Wayne Fowler,M,1/3/2005,Spring,United States
77-1069852,Billy Washington,M,11/5/1981,Labelle,Canada
24-0874998,Jose Ramos,M,9/15/1992,Kamsack,Canada
62-7769362,Brenda Pierce,F,10/5/1978,Carolina,South Africa
