"first_name","last_name","gender","birth_date","ethnicity","SSN","med_number","state","city","address","zip","id"
"Nathan","Cordova","female","11/09/1946","Asian",255383175,6358029309,"Nevada","Falanolzace","899 Casjole Grove",68085,848
"Luke","Quick","female","5/28/1952","Asian",125087187,6427424655,"Pennsylvania","Gitopupriwa","499 Pihtowi Center",86488,157
"Jodi","Baldino","female","1/22/1971","Asian",516395786,5981030723,"Georgia","Gupoowekuro","196 Pipafof Way",65928,980
"Guled","Shen","male","4/15/1948","Pacific Islander",143355093,7285462698,"New Jersey","Fawwelcoja","682 Purima Junction",14597,225
"Viarlenny","Picazzo Banuelos","male","10/08/1941","Black",264896375,2283441837,"South Carolina","Hovruhmij","794 Ruwatibi Plaza",15605,598
"Alyce","Dominguez","female","07/07/2005","Pacific Islander",574179851,3540154617,"Kansas","Retuarekzani","1315 Dawoobot Way",46591,927
"Ka","Vaughn","female","06/02/1975","Asian",592343571,5868299813,"Nebraska","Bajovadbako","1103 Safupew Street",17235,378
"Michael","Garcia-Covarrubias","male","4/18/2008","Pacific Islander",382497479,3545866008,"South Carolina","Sejoagidode","1374 Cusbizi Junction",45486,492
"Richard","Smith","male","1/17/1992","Native American",516175709,2526321938,"Georgia","Utibojiukij","1971 Titveki Way",22699,807
"Diana","Mendez Villa","male","6/13/1959","Black",442360922,4571582860,"Washington","Emidezepuh","1386 Vezajolo Path",16256,331
"Olivia","Atkinson","male","11/09/1959","Pacific Islander",600416741,8858477696,"Oregon","Dosecepamefu","243 Lirkin Key",24328,850
"Suwannee","Chi","male","12/18/2015","Pacific Islander",406140464,4500893740,"Delaware","Micvupmodi","341 Ganogun River",22237,406
"Precha","Mcconnell","female","09/03/1937","Asian",527061963,8322744361,"Wisconsin","Sewarujiari","1570 Kuwoujup Ridge",35708,584
"Sara","Locks","female","11/06/1983","Asian",999468488,1750809934,"North Dakota","Pujecubmamu","1888 Lojepel Turnpike",31791,855
"Kindra","Leake","female","10/26/1927","Native American",875069747,3080490249,"Utah","Tubatowauwas","1934 Wonoasa Pass",77653,220
"Chelsea","Cabral Chavez","female","3/19/1990","Pacific Islander",273297149,7674328037,"Illinois","Tissalziwu","941 Huroara Pike",69094,866
"Edgar","Deguzman","male","12/19/1921","Black",848071656,1386236600,"Pennsylvania","Momtahzuma","363 Rikzebe River",33280,992
"Jeffrey","Lewis","male","3/13/1923","Asian",663933154,2344266945,"California","Ujubmansuwu","416 Milieha Mill",77973,268
"Manuel","Martinez","female","11/10/1945","Black",922601327,7555547329,"Minnesota","Ribuifelog","1168 Vucvir Place",74957,664
"Anthony","Clair","male","04/01/1911","Pacific Islander",163421584,4728346936,"Kentucky","Ujevabefel","1984 Dorilut Avenue",52996,338
"Desiree","Arreola","female","12/22/1987","Pacific Islander",473926330,5588643971,"Alaska","Rugasovatip","792 Dohohes Key",93754,407
"Sherleen","Yellowhawk","male","11/24/1981","Asian",635636709,6830340046,"Maine","Lobupihacal","830 Gigeisiz Trail",64258,505
"Olivia","Villanueva","male","9/13/1995","Black",600093279,5983688258,"Arizona","Kebmawhane","751 Pojufula Center",48058,65
"James","Price","male","03/05/1939","Asian",932396594,9851241667,"New York","Umuzuchoto","529 Ipumuso Avenue",20726,622
"Tessciela","Garbiso","female","7/30/1990","Pacific Islander",151651525,1045234491,"Maine","Ilukukidoj","277 Bepeuga Mill",74133,657
"Jacob","Summa","male","06/10/1965","Asian",910244638,8989698503,"Oklahoma","Ulenonotul","1379 Epopaso Extension",16607,651
"Crystal","Gonzales","female","10/28/1958","Pacific Islander",382104957,2062640929,"Utah","Wonogadiketa","385 Balkiwu Pike",26257,398
"Chasity","Rasmussen","male","2/28/1948","Asian",496230413,2244217252,"New Hampshire","Tomuviwulod","1464 Pahvah Ridge",93127,801
"William","Fuentes","male","07/04/1963","Pacific Islander",770327842,9727114443,"Kentucky","Buviojatewud","725 Jeveci Turnpike",15943,260
"Kyle","Rhule","female","07/05/1934","Black",542930395,7148197561,"Oregon","Jigcucirop","1358 Ituwodeh Trail",40865,698
"Jacob","Reaves","male","10/04/1955","Native American",617311598,6972850653,"South Dakota","Mosobomuga","1878 Sotoumij Path",98583,459
"Kendall","Cooper","female","9/19/1947","White",970939702,1372842541,"Iowa","Zahovivjew","1782 Howbeji Parkway",66734,9
"Ilea","Sounakhene","male","6/24/1970","Black",219541247,2224265100,"Nevada","Repubanuw","414 Jibifefi Avenue",27999,831
"Tyreque","Esquivel","female","3/27/1953","Pacific Islander",526215240,4187700340,"Virginia","Cedanuuteg","1739 Ipomtodu Trail",99425,904
"Raegan","Mcneely","male","09/05/1960","Pacific Islander",411401518,7302082567,"Georgia","Mowuzeboguwi","298 Levuwemu Park",61440,117
"Kendahl","Smith","male","10/25/1948","Asian",569812519,4742894013,"Indiana","Ibotfencike","1179 Nelunesa Court",39386,874
"Andrea","Yang","female","1/28/1948","Black",372292552,4708967368,"Louisiana","Uromakkuk","1282 Poskas Circle",55341,91
"Desmond","Barbour","female","08/05/1959","Pacific Islander",705193723,3659671420,"Mississippi","Tifpertoh","132 Pakcud Point",99504,148
"Francisco","Ornelas","female","10/17/1962","Black",602938862,4305663076,"Oregon","Pofrufhugu","1815 Mozagiw Place",79341,57
"Xavier","Shah","female","09/06/1940","Pacific Islander",218937805,4415727518,"Alabama","Lerozegeino","1570 Hevelok Ridge",92460,961
"India","Healy","female","01/02/1994","Native American",145707002,2131771010,"Indiana","Mopehantupe","875 Beblib Point",51338,337
"Jamie","Edgeman","female","09/10/1962","White",661896461,9161503554,"Pennsylvania","Cismufcib","1647 Olusese Mill",29946,238
"Jalen","Lopez Cerceda","female","06/10/1951","Pacific Islander",705852890,5940827486,"Wisconsin","Kazafumhuvo","657 Puwnuk Lane",23853,421
"Minh","Foster","male","11/09/1928","Asian",636581061,7464103198,"Iowa","Fegdajaipi","1458 Vawejene Grove",13788,211
"Dylan","Johnson","male","09/11/1961","Native American",808498535,8008229653,"Vermont","Jofuviipo","129 Pusuheka Boulevard",49535,757
"Charles","Han","female","08/11/1974","Black",830870409,9698090420,"Pennsylvania","Mezasuzdik","327 Kusicota Plaza",29530,373
"Chance","Okubo","female","10/20/2015","Pacific Islander",608188690,5682076618,"North Carolina","Noceafoheta","743 Cecigot Mill",17548,115
"Gabriella","Tate","male","06/04/1962","White",538143481,4363182367,"Indiana","Vozoacolvafa","1510 Emehine Trail",73228,330
"Amber","Warren","female","8/17/1947","Asian",563243287,3829997881,"Idaho","Lanudocuga","616 Ivomvem Point",99563,97
"Perla","Martinez","female","05/01/1979","Black",835277393,8415135197,"Maryland","Oroggiruzac","508 Anoigo Way",36879,914
"Molly","Carrington","male","2/24/1940","Asian",695957850,6068004519,"Louisiana","Wogjowurasu","1324 Sehihafo Circle",37893,581
"Precious","Yeung","male","12/11/1995","Pacific Islander",870028609,9719800907,"Michigan","Vekpavaaca","1817 Elehid Road",41367,606
"Victoria","Singh","male","11/22/1928","Pacific Islander",274465354,1162539729,"Virginia","Ucajvutmine","392 Ficede Plaza",66134,312
"Kayleigh","Williams","female","01/11/1995","Asian",388837350,1787974597,"Kentucky","Nitaruktiga","1017 Damopov Grove",81050,163
"Alison","Heimann","female","09/12/1985","Native American",855478623,6144378774,"Pennsylvania","Varifewgel","1657 Repcemu Street",65818,348
"Leah","Brown","female","5/19/2006","White",901252335,9579536893,"Oregon","Ladufahev","456 Jelikilo Junction",50142,712
"Theresa","Abeyta","female","02/09/1982","Black",424604249,2128761857,"South Dakota","Gikoawibrek","283 Fewujate Lane",98302,882
"Isaac","Velarde","female","3/13/1968","Black",548042521,9792730661,"Michigan","Epoacurzip","1487 Imejtod Key",64019,401
"Josef","Miller","male","10/10/1916","Asian",211456917,4363383589,"Vermont","Sepeivuvrad","1092 Codralo Pass",39134,299
"Amanda","Chak","female","12/19/1997","Black",935282917,2892028053,"Nevada","Mavehaguahet","1738 Davgalu Street",34221,557
"Israel","Nieves","male","6/13/1952","Black",755175458,3948601712,"Pennsylvania","Bobducopa","1447 Dasitit River",41702,803
"Savannah","Navajo","female","08/11/1939","Native American",718424472,7160943852,"Alaska","Ocakodacum","454 Tezpiba Road",30147,751
"Jessica","Mo","female","3/21/1939","Pacific Islander",445257902,2125824953,"South Carolina","Jivmafhed","469 Redvaji View",79867,470
"Dillon","Ramirez","female","02/01/1965","Pacific Islander",174725823,5124618654,"Kansas","Pakepucawar","718 Fohgut Highway",14316,365
"Katelyn","Thomas","female","10/16/1955","White",675777285,7051310730,"West Virginia","Nimbazbun","1430 Egajuwa Terrace",62041,895
"Camesha","Deboer","male","7/25/1904","Pacific Islander",813515867,3746406514,"Illinois","Zijtepacu","291 Ziwigovo Junction",98179,85
"Kevin","Herrera","female","6/24/1960","Asian",681562764,2867597159,"South Dakota","Pupisehnaw","353 Mudakeza Path",32719,494
"Joseph","Sinouansai","male","7/27/2011","Black",140965031,1146267645,"Hawaii","Firmuhasav","1479 Cejujofo Way",29328,447
"Jasmine","Mestas","male","12/25/1966","Asian",607951508,4107089224,"Missouri","Buzbeteico","1962 Ocenfub Loop",91645,486
"Kattian","Ramos","male","02/01/1944","Black",696248240,6260936455,"Maryland","Wimedipod","455 Cevlaf Pike",23839,423
"Isela","Vigil","male","02/05/1951","Black",305358112,8681987534,"New York","Bibiwilcefo","1098 Fuleopif Court",46236,428
"A'Tiana","Valdoria","female","04/11/1960","Pacific Islander",246409771,1936095359,"Mississippi","Simerufvuca","391 Ebijfoz Road",28877,23
"Noor","Regalado","female","08/08/2005","Pacific Islander",676886156,6917686693,"Pennsylvania","Curowuheoro","727 Uleezob Avenue",73890,410
"Sara","Ursery","female","10/06/1978","White",418103565,5201394768,"Washington","Vofiluglon","994 Sahafuwu Lane",25550,133
"Justin","Boydstun","female","05/09/1900","White",416225980,1113682648,"South Dakota","Kojzubkiba","666 Panopop Parkway",40157,896
"Yanyan","Schneck","female","12/15/1939","Asian",104850761,6150227316,"Nebraska","Zusubojkol","611 Cosmut Court",83626,890
"Helen","Trujillo","male","1/20/1947","Black",776580237,7153587142,"Wisconsin","Wewafisuugo","1062 Fonaeso Point",48457,876
"Brainard","Quintero","female","9/27/1928","Pacific Islander",382754348,2785038671,"Hawaii","Bomeriguhat","1641 Tidramu Heights",11974,967
"Joel","Moreno","female","03/08/1931","Pacific Islander",651209005,8360162026,"Texas","Emigajarkawa","1711 Apalzigi Plaza",71185,21
"Salome","Groesbeck","male","4/15/1960","Asian",560670810,7130137475,"California","Iwerohdole","311 Hodlih Drive",64155,222
"O'Shea","Manglona","female","12/18/1960","Pacific Islander",642624329,7612503434,"Nebraska","Rawiogujuf","143 Vaduaki Court",88508,44
"Christian","Mcguire","male","12/13/1976","Pacific Islander",559185670,5053926873,"West Virginia","Renenawukedi","242 Mitiota Terrace",85882,562
"Raelynn","Johnson","female","11/28/1961","Black",868957360,8102159789,"Colorado","Ivicpovbiji","1682 Emefiv View",58038,611
"Audrey","Dupuis","male","5/18/1992","Pacific Islander",175080660,7109965476,"Utah","Cawbondece","1279 Lewurebo View",94488,169
"Taylor","Garcia","male","12/11/1972","Black",451759979,3063888062,"New Hampshire","Vididiwet","130 Dajbej Circle",50399,311
"Cody","Bushey","male","3/15/1955","White",879923945,1148166196,"Missouri","Kerhehududu","684 Cuveegis Road",10354,690
"Elisha","Truong","female","9/15/1978","Pacific Islander",196617860,4895707072,"Arizona","Cuwsavozuj","1056 Geproza Grove",73654,416
"Tyleeia","Daw","male","7/24/1967","Pacific Islander",362822175,2481732034,"Utah","Roktaciweve","1802 Taggij River",43046,970
"Vincent","Mullins","female","03/12/1966","White",450644805,9157483463,"Idaho","Gisvufegelo","94 Waberuv Highway",83976,288
"Yoki","Sagel","male","1/13/1909","Asian",561033887,2765760935,"Ohio","Gigedarefik","865 Pawusinu Heights",48242,502
"Brooke","Galligan","female","1/20/1970","Black",262451695,9519946666,"Mississippi","Fogamarohu","478 Ihajpag Parkway",11714,54
"Blas","Williams","male","11/16/1991","Native American",598201227,5676238025,"Maine","Kogfunezaha","822 Murleh Point",12199,779
"Meghan","Atwater III","female","11/16/1986","White",576367282,7434648746,"Alaska","Jekowobefilu","1978 Cuvruni Drive",24870,701
"Khaleo","Wood","male","07/07/1925","Pacific Islander",186887310,8665752811,"Rhode Island","Selmesoeces","62 Jawjaf View",67790,577
"Journey","Varanai","female","8/29/1984","Asian",151534495,7247758268,"New Hampshire","Ipozogdid","1019 Wedjima Point",78705,542
"De Andre","Son","male","09/06/1972","Pacific Islander",291670645,2582741694,"Colorado","Fohiavidhos","1154 Fabipuzu Parkway",29810,456
"Isaac","Mangisel","female","1/13/1978","Pacific Islander",905975502,1960626621,"Nevada","Izuvijihide","240 Torwaze Point",72147,293
"Alexander","Trotman","male","07/08/1973","Asian",686718923,4038846160,"Hawaii","Firosobaevaz","1176 Zivukal Plaza",35265,227
"Marcus","Rahat","male","11/13/1962","Pacific Islander",245638360,3912441903,"Virginia","Liguvebsut","1810 Wahitin Street",93216,621
"Victoria","Salcido","female","11/24/1958","Pacific Islander",429407113,4009728025,"Arizona","Mikaliglen","120 Oziwum Key",45838,644
"Austin","Aviles","male","10/30/1960","Pacific Islander",397500476,7156923701,"Colorado","Ihejifulteg","812 Rihoedon Lane",38321,846
"Augustine","Felix","male","1/24/1936","Black",266268581,4958878559,"Kansas","Ijeuhuluw","621 Pomcuju View",52454,725
"William","Chiu","male","6/26/1978","Black",133961708,8281543820,"Alaska","Jijegotakaja","171 Owojig Grove",78543,272
"Sergio","Saldanha","male","7/23/1987","Black",277165450,8035170538,"Georgia","Elewucawzaf","614 Sahouluz Way",33936,379
"Ilana","Hazelman","female","6/15/1970","Pacific Islander",231871060,8644571823,"Vermont","Juwufopkipo","1390 Asamgum Pass",42605,526
"Dominique","Ruiz","female","3/13/1981","Black",885178129,4087924724,"Texas","Vunaepeeku","544 Degmip Court",87500,596
"Erik","Palermo","male","7/30/1939","White",688224039,7735638040,"Oregon","Kogrihegodo","1483 Ovafzij Trail",51431,549
"Ashley","Correa","male","11/02/1980","White",269034900,5511838216,"North Dakota","Agavimalez","480 Bahinija Center",55151,633
"Amanda","Jones","female","8/19/1950","Asian",178313028,9247422912,"Arkansas","Gokarenovudu","649 Mekzuk Glen",77966,897
"Vincent","Ashby","female","9/22/1971","Native American",678121700,3189470828,"Louisiana","Vabpugnil","412 Bodibeb Court",37721,642
"Josephina","Alvarez","female","10/08/1943","Black",874244123,9918338258,"Vermont","Jodmitviw","1722 Iwumos Square",18360,10
"Alondra","Ahmad","female","06/02/1955","Black",137350278,7158921163,"Delaware","Licetubavu","1984 Cuhoweno Plaza",71590,435
"Robert","Worley","male","10/26/1935","Asian",127150194,6133377897,"Idaho","Mizonegupew","1461 Fuvvah Boulevard",31661,697
"Christy","Contreras","female","7/13/1950","Black",662833858,5546405057,"Mississippi","Rawoifodduvi","1224 Nonulefi Ridge",84587,224
"April","Fajardo","male","02/06/1934","Black",690079332,7174814190,"Tennessee","Sodeliros","919 Ukeazu Heights",66254,13
"Marcus","Arnold","female","7/23/1967","Black",200230573,8817190606,"South Carolina","Muvkegvopu","354 Cecgin Heights",33076,868
"Cheyenne","Holiday","female","1/21/1941","Native American",652371513,2996534033,"Florida","Ewajgufihobo","542 Azafpeg Court",24879,944
"Marcus","Vahlbusch","male","6/27/1994","Native American",566783801,3622594204,"Michigan","Ridafonodoje","1701 Pehkuw Circle",14226,392
"Chelsea","Arellano","male","4/15/1973","Pacific Islander",205339311,2937194050,"Alabama","Otabgarcar","816 Rervek Plaza",43822,686
"Vicente","Maier","male","5/17/1943","Black",822049920,3423733023,"Ohio","Lilmennoli","758 Gunfuki River",92650,55
"Katrina","Robinson","female","8/15/1972","Asian",464577366,8564079707,"Kentucky","Forjulwuf","892 Kifreve Street",91618,51
"Krystel","Fairchild","male","12/19/1978","Black",574880544,8494921334,"Hawaii","Vapiwacuuroh","1433 Fukeisab Grove",81000,821
"Johnny","Ordaz","female","1/25/1988","Asian",224214033,3962723769,"Virginia","Jojdohoved","1015 Uweelu Loop",89131,403
"Connie","Lopez","male","04/11/2015","Pacific Islander",329361859,7546868738,"North Carolina","Nuziwipude","284 Cucnobu Drive",85090,135
"Damon","Riddick","female","4/25/1985","White",613198518,2847307203,"California","Feruzokfaza","236 Ohebefe Road",34637,136
"Stephanie","Jacquez","male","02/04/1997","Black",548424352,1069525033,"Oregon","Cejoriknevo","1585 Wucizuju Center",25883,810
"Sanjay","Mack","female","11/07/2009","Asian",440500901,8815705440,"Indiana","Nosjucivi","885 Hevienul Center",76306,692
"Betty","Trujillo","male","2/22/1980","Pacific Islander",211509681,2065331201,"South Carolina","Hakbotdedi","1206 Pibakat Square",11301,655
"William","Thomas","male","12/19/1967","Native American",537090828,4985395408,"Connecticut","Gigurabfob","1421 Dovucipu Court",27284,737
"Devon","Phillips","male","10/01/1999","White",297374289,4959572275,"Utah","Niputewuwuca","1624 Owojiz Parkway",75209,843
"Dewi","Iron Cloud","female","3/16/1943","Asian",403944404,4120617677,"Tennessee","Bevecopusug","829 Avildoti Glen",91016,201
"Michael","Bailey","female","10/22/1978","Asian",180020087,9104631419,"Oklahoma","Itogavemono","1486 Zimipiv Way",13702,630
"Leslie","Hamlin","female","9/19/1958","Asian",736731127,1018368779,"Arizona","Sazjigogese","890 Fifruv View",41032,930
"Seung","Williams","female","1/25/1966","Asian",126499133,8649399047,"Pennsylvania","Abagizawaz","540 Pecefife Heights",84055,307
"Miguel","Leamons","female","12/29/2002","Native American",698962795,5728777509,"Minnesota","Larcodbode","1379 Cekotafe Terrace",23957,595
"Michael","Doremus","female","4/13/1949","Native American",681051372,9311352155,"Massachusetts","Hovuhunow","886 Sutehut Pass",37126,408
"Camille","Tryon","male","07/08/1969","Pacific Islander",234132330,3863248918,"Georgia","Pulnermaz","653 Kikavi Terrace",56926,987
"Isaac","Truong","female","10/01/1928","Black",432078493,5923909541,"Florida","Karipofnub","883 Juzigota Plaza",66944,885
"Keith","Vigil","female","06/06/1945","Pacific Islander",520541447,1137797359,"Florida","Igaftunivawo","1036 Uhebten Street",17358,561
"Shavaughn","Palomares","female","07/03/1956","Pacific Islander",795002446,6750622614,"Minnesota","Welajufgubu","1175 Fuvzab Square",98868,532
"Galen","Tso","female","6/15/1970","Asian",838948610,1994130154,"Oregon","Igefgonorov","1580 Vukvogu Court",79205,48
"Erynn","Odean","male","1/21/1972","White",465011950,5137133223,"Alaska","Bekotinjicu","725 Abunaz Lane",74250,437
"Joseph","Bluford","male","07/01/1944","Asian",278083140,5672729640,"New Hampshire","Catoguvmija","1038 Zihoole Pike",52984,718
"Keyi","Snyder-Jones","male","08/12/1992","Asian",697489274,9549658836,"Illinois","Voguzusazo","1446 Suhnoj Point",58469,425
"Kiona","Chesney","female","10/30/1930","Native American",835281598,6050209386,"Maine","Jobarakemak","480 Nerloc Place",34941,346
"Camille","Salazar-Chavez","male","06/08/1955","Black",367510407,4694486335,"Ohio","Roveomahok","1854 Saspan Avenue",41192,744
"Jennifer","Dent","male","11/25/1947","White",731095433,2893976479,"Indiana","Vijhimikul","1096 Jabtefu Junction",89089,347
"Robert","Richardson","male","3/22/1999","Asian",579635010,8201666951,"Indiana","Dahucetarin","1497 Pocfuf Point",64893,911
"India","Myong","female","9/20/1988","Pacific Islander",728301757,6793961360,"Kentucky","Golautinrub","1483 Igevbon Circle",89593,998
"Cheyenne","Freeman","male","9/14/1926","Native American",949482360,6351359730,"Arizona","Itinhenrupa","945 Litvewe Boulevard",67269,604
"Kent","Childs","female","12/22/1992","Asian",202123595,8400411441,"Idaho","Pikfenrid","1818 Difvuk Trail",99021,521
"Javier","Zavala","male","10/01/2015","Black",733854682,2803657835,"Maryland","Mawudintah","1814 Najfuca Extension",54832,938
"Sasha","Arredondo","male","5/27/1926","Black",640813148,5117368345,"North Dakota","Esutbizkeg","1285 Wonavani Pass",99244,812
"Kelly","Walker","female","10/12/1963","Native American",975329221,2350926017,"Mississippi","Kehaesodege","1198 Cipirez Turnpike",63405,558
"Shagun","Thigpen","female","8/21/1972","Asian",827163757,8765591151,"Maryland","Sidkobpafi","312 Nokize Loop",11444,571
"Brandon","Harjo","female","10/17/1940","Asian",632202370,2396647545,"Minnesota","Emucapapo","368 Bivmehi Terrace",54213,625
"Emma","Sheldon","male","03/02/1966","Black",444964766,1643992257,"North Dakota","Pekgilarug","1873 Ipabfog Drive",78556,747
"Christophel","Jacket","male","9/30/1937","Asian",200691785,1212547548,"Oregon","Tulinaturese","1676 Ragazif Drive",46044,239
"Victoria","Noriega","male","5/22/1917","Pacific Islander",558710343,3918272449,"Missouri","Dadotiwuh","291 Heblim Pike",70725,520
"Edwin","Diaz","male","05/09/1957","Black",630682035,7910927320,"Rhode Island","Gukicewulelu","1857 Udowvap Place",90664,919
"Sydney","Cordova","male","12/18/1948","Pacific Islander",947182314,8400363804,"Ohio","Tokrategoce","678 Fodgep Manor",40466,783
"Audrianna","Augustino","female","12/26/1913","Black",737940126,4791017765,"North Dakota","Fojeesekmeha","535 Sufofov Lane",13029,822
"Enkhjin","Vigil","female","11/19/1952","Asian",503704538,6829306660,"Indiana","Tuvoditevom","892 Jofahefi Boulevard",61347,328
"Jasmine","Speights","female","04/04/1977","Asian",580548913,3802607638,"New York","Gegofovepuc","1302 Kehkez Lane",24241,654
"Tilane","Thompson","male","08/05/1969","Native American",895460920,7623761796,"South Carolina","Mogoeweslika","732 Muwowub Extension",34239,976
"D Marcco","Gallegos","female","2/27/1915","Pacific Islander",647838152,3382214996,"Michigan","Bonzoriiti","1099 Zokeme Glen",64209,370
"Sugey","Hickman","female","10/28/1985","Black",676782739,4433292002,"Minnesota","Omikdibaha","1397 Zebodon Court",40445,271
"Miguel","Nyberg","female","5/22/1905","Black",211719655,8208429749,"North Carolina","Dodilifijedo","1417 Fajfij Boulevard",62904,164
"Rozalyn","Moreno","female","8/29/2010","Pacific Islander",123246436,5481257117,"Missouri","Zejvuwujir","335 Padalebi Junction",40789,666
"Aryn","Aragon","male","06/06/1920","Black",707913055,5078184050,"New Jersey","Sucnahheze","893 Keghego Trail",52478,765
"Daniel","Chargualaf","female","3/13/1945","Black",866704936,1850900530,"Texas","Zestajgihu","755 Zujcib Road",47150,84
"Jera","Muya","female","6/15/1904","Native American",746546051,8617409771,"Kentucky","Nikbezozepe","262 Ebemojon Park",71074,784
"Ariel","Abbott","male","1/15/1940","White",356115809,2188281368,"Pennsylvania","Miminimidid","1760 Hitejove Path",25312,860
"Amanda","Jenkins","male","10/14/1981","Asian",892284024,8490967607,"Oregon","Zimpivadob","205 Isefhik Path",82495,427
"Arianna","Maestas","female","12/19/1992","Black",582459756,3027423854,"Tennessee","Pavcohatef","1593 Gapezak Point",89805,137
"Samantha","Carranza","male","7/15/1944","Pacific Islander",174764924,3293233047,"Maryland","Cezidazaler","1530 Hovucen Circle",42667,404
"Giovanna","Macdougall","male","08/06/1954","Black",438482714,7978857625,"Louisiana","Dacufurrade","747 Datedub Turnpike",92882,356
"Monique","Abachiche","male","12/11/1953","Native American",442157225,7324108578,"Kansas","Sedasizgic","1112 Cerosudu Road",14424,221
"Dontae","Tang","male","5/13/1993","Pacific Islander",978921327,5189754955,"Georgia","Komuivenvewe","1454 Uwepjah Center",95614,994
"D'Morea","Ortiz","male","7/30/1969","Pacific Islander",575625123,3728851699,"Alaska","Cinucesab","1556 Nopimoh Glen",91006,631
"Kristiana","Hardie","female","03/03/1961","White",597297176,1304639376,"Connecticut","Edelputuepuj","1398 Ricakura Extension",24374,880
"Leon","Fredericks","male","5/25/1988","Asian",113480604,6355984973,"Arkansas","Necuhuftug","436 Fipiecuc Trail",39556,190
"Olivia","Rines","female","1/26/1964","Black",706500518,9034496783,"Maryland","Akokzunicog","1115 Ewornub Key",50605,241
"William","Otto","male","11/23/1948","White",200464295,5776649885,"Illinois","Ufuwhudumimu","316 Zisajaju Center",75361,974
"Xiao Yun","Hoskins","female","07/12/1927","Asian",353652893,2934012003,"Missouri","Povajebubimu","763 Mawedes Pass",75822,565
"Ryan","Achziger","female","4/25/1981","Asian",960022966,9620420629,"South Dakota","Niwohulalu","1446 Pajgos Street",48713,69
"Ember","Trujillo","female","02/06/1988","White",533670405,6095872559,"Wyoming","Baponipan","75 Gihgoz Path",15707,780
"Nicholas","Pleas","female","9/14/1945","White",569348385,2719796525,"Washington","Ivuarerruj","1718 Wagagoh Mill",18262,414
"Surabhi","Lewis","female","4/22/1996","Asian",348249735,3960185316,"Idaho","Uvorfuzgozi","1128 Gabowuri Manor",53102,759
"Tori","Nakama","female","1/18/1972","Pacific Islander",324817791,1794574353,"Minnesota","Kopujahopep","1436 Ribowe Glen",38964,997
"Luke","Rademacher","female","01/07/1995","White",228332446,7817339084,"New York","Cijtugape","697 Lajemog Extension",23305,208
"Syed","Richardson","female","8/22/1954","Asian",234514603,6104694976,"Pennsylvania","Sugmihacolu","265 Vipbin Point",15746,889
"Brooklyn","Motazedi","female","02/01/1977","Pacific Islander",799598328,9088820865,"Arizona","Mihwanbul","1331 Iwukos Mill",88191,280
"Roshan","Kelly","female","8/25/2003","Asian",858676061,4587984828,"Rhode Island","Tagabuswowa","1775 Sarasise Heights",16162,363
"Birva","Gayman","male","01/05/1957","Asian",186980253,4508298967,"Washington","Jaflirevoco","1843 Icauwob Loop",23070,480
"Kaelin","Ma","male","9/15/1933","Pacific Islander",525777500,9693873724,"Washington","Babahiceteco","740 Lukija Lane",61620,283
"Sean","Martinez","male","07/07/1919","Asian",106705530,8086652118,"California","Fezotelgup","1496 Opifjuw Road",63888,925
"Stephen","Sam","male","9/29/1994","Native American",687561417,6652941497,"Vermont","Kimfovulub","1402 Hegalajo Point",93305,924
"Grant","Garcia","male","08/07/1977","Black",683860743,9356238108,"Tennessee","Hibcasuoji","597 Eririri Trail",50764,382
"Justine","Ho","female","7/28/2000","Pacific Islander",699291904,8323043692,"Arizona","Nekekuhehim","1412 Vahbob Park",43051,579
"Joseph","Williams","male","11/19/1953","Asian",101390023,5150557262,"Massachusetts","Ejuwonidica","646 Korpic Plaza",45025,443
"Christian","Chacon","male","7/27/1978","Black",609775567,4302345789,"Rhode Island","Wisusijanuro","842 Gawoceju Junction",45819,937
"Ashley","Francisco","female","08/11/1970","Black",733673769,4758168284,"Missouri","Nigkilgalo","1173 Bumvezi Path",74188,482
"Megan","Carrillo","male","6/18/1992","Black",769590962,1337565813,"Massachusetts","Howwoviwaj","1931 Sokguna Trail",49466,2
"Kiana","Camagong","male","12/24/1937","Pacific Islander",718001229,7619935485,"California","Lulookasid","1622 Tuzeneh Street",89988,575
"Andy","Smith","female","6/21/1939","Asian",467242625,4571968339,"Wisconsin","Otawbokuato","561 Vijeva Junction",40610,336
"Kaela","Courtney","male","05/07/1934","Asian",817077352,9899346411,"Arkansas","Ihititure","624 Emozofe Highway",94050,789
"Alejandro","Ye","female","10/05/1977","Black",786755171,6100920376,"Washington","Hudlumuzur","88 Rehikoda Junction",32916,424
"Anthony","Nguyen","female","8/19/1997","Pacific Islander",774010637,8748264712,"Oklahoma","Wabjiwwow","1520 Lovuofes Way",13707,126
"Hilary","Parks","female","01/02/1960","White",885541310,2134477296,"Hawaii","Nizbubufek","582 Zotlico Court",20148,178
"Xavier","Seo","female","2/19/1917","Black",891330424,1753672036,"Missouri","Hupuvuwral","355 Lasdano Square",23019,195
"Lindsey","Sherak","female","1/21/2013","White",487152653,8913714954,"Colorado","Rulvafram","1815 Zonvewo Turnpike",45401,171
"Steven","Ayele","male","6/29/1948","Asian",825135434,2364527859,"Colorado","Hiwovamarof","960 Hihilela River",64117,627
"Trenton","Milton","male","4/17/1921","White",886332250,5815529989,"New Mexico","Lisegopirez","713 Esepagu Extension",54305,762
"Christian","Tilley","male","7/15/1969","White",545971726,5674438049,"Massachusetts","Lisjojaecu","871 Hiwifiv Point",43300,518
"Ty","Lockhart","male","7/21/1953","White",745353022,1443494156,"Louisiana","Uhamifilo","17 Jacikif Terrace",57853,441
"Christine","Engineer","male","8/26/1963","Black",293427332,2527418593,"Hawaii","Wuzabihopuze","2000 Lebiwepa Plaza",87914,340
"Tan","Barry","male","8/22/1951","Asian",768591582,6611846549,"South Carolina","Lopdakudodu","1366 Ogobur Drive",11912,732
"Coreen","Swift","female","5/21/1947","White",973497199,6038821884,"Kentucky","Duwsihipos","1696 Otiffet Lane",21631,45
"Tyler","Adams","male","9/20/1985","Asian",188174725,9366716545,"North Dakota","Upibkoreesoz","624 Wiwejev Road",71612,905
"Deanna","Lewis","male","4/21/1977","Asian",339693463,2822718264,"Pennsylvania","Selobitfow","1915 Vacoera Street",86274,223
"Domonique","Candelaria","male","07/05/1972","Native American",850125170,4773438955,"Nebraska","Wolodafihabe","312 Wibkar River",42376,569
"Mylia","Enriquez Barraza","female","9/18/1963","Pacific Islander",843092469,9629716147,"Montana","Masjijasav","1643 Abukeze Park",45652,114
"David","Gilman","female","12/05/1957","Asian",684324044,2988625556,"North Dakota","Nepjerhak","836 Fubacaf Way",11015,963
"Jarleeya","Pender","male","12/25/1975","Asian",948031682,2932087740,"New Jersey","Lupuhamuru","1119 Rehudun Avenue",17237,446
"Moorea","Shine","female","4/18/2015","White",176083387,9022871502,"Delaware","Nopjevpan","724 Tebtes Park",18239,341
"Dominique","Humphries","male","03/08/1981","White",401292199,9294006171,"Illinois","Mepiilavez","1655 Odikjac Plaza",54726,383
"Angelina","Miller","female","04/03/1965","Pacific Islander",545985632,6583197095,"South Dakota","Ajadpumvodo","1280 Bipiiwiz Road",79931,189
"Brettley","Moore","male","2/29/1969","White",557044554,2887938523,"California","Rugavubfev","1316 Ibewfeku Plaza",67870,714
"Jacky","Smith","female","08/01/1932","Asian",574549850,2165315617,"Utah","Lokejiponem","1243 Ojacot Drive",58815,95
"Duncan","Canty","female","10/28/1992","Native American",307556615,8815785751,"Virginia","Hurohowmev","11 Tinlus Glen",48911,941
"Makala","Evans","male","10/06/1998","Pacific Islander",720343133,8932380017,"Delaware","Kobwuzvaf","632 Vebafaz Avenue",61172,384
"Haley","Bron","female","12/11/1958","Asian",203245718,1411422698,"Maine","Ugodbeselor","1253 Atubes Turnpike",95832,570
"Alexa","Madrid","male","12/19/1992","Pacific Islander",193169085,6240275342,"New Mexico","Fofcuzaogig","1906 Nefafig Glen",70867,674
"Dymond","Coronel","male","03/06/1924","Pacific Islander",796322787,4317307425,"New York","Sajgemafu","313 Unephaz Place",67401,715
"Lauren","Archuleta","male","3/27/1940","Black",627886659,5289037052,"California","Jamagicekuge","7 Kevuuza Loop",19999,262
"Daquan","Corea Hernandez","male","6/18/1991","Pacific Islander",234658722,8403560683,"Alaska","Jigdocicifo","106 Masnuge Way",95488,68
"Luis","Rodriguez","female","09/10/1928","Black",656891965,9816529994,"South Carolina","Mihuifotfid","242 Vufozok Highway",30747,806
"Travis","Cannell","female","2/14/1974","Asian",556205248,6282002681,"Kansas","Gacewovipuca","1126 Pezamibe Heights",47694,230
"Lewis","Velasquez","male","8/26/1972","Asian",958023671,4764308959,"South Carolina","Ekelrebawin","1378 Isehopi Way",83265,929
"Ryan","Francis","female","9/19/1936","Asian",843964532,7342284582,"Kansas","Fazguhnuro","1422 Musaduwo Boulevard",42886,956
"Rebecca","Manzanares","male","09/08/1900","Pacific Islander",637701044,1248122191,"Delaware","Ticgazsile","248 Ogugtez River",30854,797
"Phu","Hubbard","male","12/16/1949","Asian",304148307,8698498341,"California","Ajupuguimo","332 Utanpilu Street",87520,30
"Emmalee","Washington","male","02/09/1950","Asian",488049078,1803452626,"Oklahoma","Tamicesmici","1056 Humeosej Loop",56660,158
"Malik","Sloan","male","11/23/2011","Pacific Islander",307258549,6618205637,"Kentucky","Lenekojdelu","505 Bihdifu Turnpike",97441,391
"Kamera","Fortes","male","12/11/1955","Pacific Islander",450658677,2538457193,"Virginia","Sungufudes","392 Utitafo River",32869,730
"Zavier","Valenzuela","female","8/15/1966","Black",304068060,5267788747,"Florida","Mepadannedo","1468 Bujuvepa Avenue",91565,888
"Brianna","Bates","male","8/25/1970","Asian",145896810,8376746635,"Nevada","Rareacurhic","1154 Vulajan Court",67659,474
"Jacob","Wesley","male","10/24/1982","White",568112223,8992589178,"Washington","Rajtididan","112 Vofriza Lane",44555,430
"Maurice","Lopez","female","10/22/1964","Pacific Islander",209880781,9001214963,"North Carolina","Jirulekvuh","793 Lekacuba Trail",17579,770
"Kaitlyn","Young","female","09/01/1964","Native American",276085847,3385487046,"New Jersey","Orotedinos","1049 Hodakid Plaza",45026,878
"Tesla","Corbadzic","male","10/26/1957","White",175728423,7575313927,"Virginia","Mahsecpaso","1496 Ivipih Way",50362,302
"Mark","Romero","male","12/04/1935","Asian",799925969,5984279987,"Washington","Petkowokal","1990 Babezus Square",69140,989
"Amanda","Parker","male","08/10/1922","Native American",395477936,3118777873,"South Carolina","Movawowjib","187 Kahaasi View",54267,292
"Alayna","Nellum","female","2/16/2012","Asian",282121427,1358399132,"Kansas","Mihfohawewo","988 Cipejiw River",27463,252
"Anna","Herrera","female","11/25/1932","Asian",784505061,3896752627,"Indiana","Ifertosade","1685 Nawvij River",84289,339
"Dakoda","Churchwell","female","5/18/1975","White",810155434,1280869449,"Georgia","Camupewkoti","776 Bahegeto Loop",98490,772
"Chantel","Stickradt","female","3/17/1970","White",539012815,2315635344,"Hawaii","Depufiflid","1260 Dekoca Boulevard",48418,357
"Aliya","Hernandez","male","02/07/1978","Black",619059250,8217333870,"Illinois","Sedaafeefut","697 Soseloju Highway",44725,973
"Karen","Wood","male","04/06/1987","Black",819192277,5478584423,"Ohio","Tebcubajizu","1615 Ehonogu Lane",33815,298
"Justin","James","female","9/19/1926","Asian",181472220,8425496660,"New Jersey","Kugriluleku","436 Ipubniv River",83608,7
"Payton","Sailas","female","07/05/1958","Pacific Islander",612556753,7928504896,"Washington","Velehojosan","1226 Fazelen Court",60294,754
"Pradyumna","Abeyta","female","3/18/1977","Asian",483298165,2986179623,"Iowa","Gawerivbija","1033 Lovicep Extension",15280,782
"Richmond","Chen","female","11/21/1950","Pacific Islander",249444258,4955338733,"Vermont","Wujeetohsen","207 Ugefbiw River",18785,321
"Aaron","Palmer","female","12/07/1954","Native American",191978094,6196267777,"New Mexico","Zohcuhicaca","719 Cozapena Pike",29694,527
"Roxana","Montoya","male","10/05/1982","Black",715059230,4501310471,"Illinois","Duphojeaji","1665 Ijeffemi Manor",86892,816
"John","Williams","male","4/30/1997","Asian",433247705,4017904364,"Mississippi","Mocpezote","213 Jicezeme Terrace",20093,297
"Christian","Del Rosario","female","5/23/1984","Black",258872046,3286093003,"Massachusetts","Hefikadbube","1932 Jasokamu Boulevard",28959,635
"Steven","Stirmers","male","09/12/1956","Native American",624098230,5534270199,"Oregon","Ofizlinvizu","1585 Nugisu Boulevard",67600,294
"Lauren","Frick","male","10/27/1945","White",144609695,5926663390,"Arkansas","Bevuloninaha","1847 Usuvak Terrace",59192,305
"Austin","Starnes","male","11/20/1931","White",481622240,7070340818,"Ohio","Zofonerputi","1380 Wurebid Mill",17171,431
"Chance","Cox","male","9/18/1953","Asian",899475611,1386648128,"California","Umosijkuga","693 Ureziko Parkway",23508,853
"Cuauhtemoc","Washburn","male","05/12/1991","Native American",749297623,1933647582,"Kentucky","Ehegukbes","281 Otelaga Mill",72128,808
"Jade","Hudson","male","8/17/1965","White",701924367,4989936239,"Oregon","Ozoijegfog","292 Garpum Court",39267,128
"Syntya","Gallegos","female","9/22/1941","Black",402383846,9379669458,"New York","Sipavomutu","1306 Zedeti Street",83702,862
"Pamela","Urquidi","male","3/20/1983","Black",254966604,3983977346,"Missouri","Belveczaki","1357 Gibazov Highway",99496,840
"Lindy","Guinto","male","4/22/1959","Pacific Islander",403447332,3581042486,"Tennessee","Vohpetkugo","1877 Vustos Trail",98043,906
"Justin","Gabbert","male","7/16/2000","Pacific Islander",514055881,8055243543,"Oklahoma","Ufaruwopem","254 Cakvaz Heights",10879,563
"Nathaniel","Nguyen","male","04/09/1972","Pacific Islander",711013078,3871608297,"Alaska","Commamlawi","304 Tokewez Square",45984,567
"Saira","Iritani","male","8/20/1969","Black",856064481,6703843542,"Utah","Oloifunir","1639 Alowcadi Court",29347,884
"Abbegail","Senette","female","9/21/1965","Asian",170889209,9737123080,"South Dakota","Utoculpoj","543 Kuwsar Drive",56912,979
"Kerrian","Baltierra","female","8/25/1983","Pacific Islander",257179940,9857948762,"Arizona","Guvejuhise","582 Lofmopa Terrace",51700,774
"Oscar","Gonzales","male","4/17/1951","Pacific Islander",689822704,7428700956,"Vermont","Mupdamebomi","1760 Ulutineb Pike",88438,180
"Alexis","Hay","male","8/21/1956","Black",696000188,7419282161,"North Dakota","Vinfugeraso","896 Napzufe Avenue",57218,820
"Damian","Vilayhong","female","4/20/1966","Black",500960454,9367723916,"Alabama","Tupjedihuzi","1809 Gudmed Extension",32308,949
"Zephaniah","Lee","male","11/22/1983","Pacific Islander",352006035,2459825113,"Hawaii","Bibcipkuso","606 Kezreva Highway",45553,381
"Nicole","Gstalder","female","6/25/1965","Black",790147634,5672731140,"New Hampshire","Kezjehizava","83 Pinmor Boulevard",31690,240
"Michael","Bird","male","12/20/1932","Asian",760323714,2987729994,"Minnesota","Dohretagij","1961 Unabagu Ridge",13769,863
"Alysa","Rodriguez","male","11/11/1976","Black",252836835,3188980809,"Maryland","Vegzehnig","647 Vodikidu Road",45784,120
"Trevor","Harris","male","08/05/1924","Asian",642690760,9631048512,"Colorado","Sibopovres","1769 Gosukas Square",57814,676
"Christi","Little","male","01/02/1983","Asian",505119406,2126629744,"New Jersey","Wavocisbol","1285 Zerefute Street",85405,138
"Marysa","Pyles","female","3/23/1958","Native American",325644155,9233699183,"Maine","Susenanoj","135 Zetocu Center",20833,496
"Brooke","Ehlers","male","07/04/1993","White",392840183,1604022328,"Arkansas","Caznapival","154 Naksuse Boulevard",72337,539
"Fabian","Delgado","male","6/24/1967","Black",792643281,5599841502,"Utah","Sufidilfuki","1878 Pokujor Grove",80262,278
"Reiana","Janis","male","2/25/1943","Native American",750326000,9286502356,"Illinois","Cacigucicil","244 Vucobino Circle",55650,552
"Matthew","Ephraim","female","10/16/1972","Asian",437635414,2843956464,"Alabama","Icasadocug","1574 Bicgicu Grove",83723,760
"Elizabeth","Bhagat","male","5/21/1994","Black",735329090,5255290584,"Delaware","Oviilecas","899 Udejwide Parkway",90274,931
"Kayla","Silevani","male","8/17/1949","Black",457037239,7741614465,"Washington","Ragepibob","948 Obavib Manor",98813,555
"Ena","Peacock","female","7/16/1967","Native American",275657618,4266847632,"South Carolina","Idonkonsiru","1879 Buzogad Grove",55612,710
"Anna","Barker","male","10/18/1977","White",604851889,2252009313,"Utah","Gilvagaepo","757 Sumaovah River",11041,203
"Nathaniel","Crespo","male","8/27/1908","White",225944499,4292418263,"North Dakota","Kazetodlih","936 Juhepub Heights",62649,491
"Mercedes","Chaparro","male","2/22/1977","Pacific Islander",327083770,6115269296,"New Mexico","Hucodomeco","1789 Muthegi Square",19814,965
"Kraig","Ferguson","female","7/27/1963","Native American",818822928,2779693930,"Wisconsin","Ticemumneka","55 Lesvelu Terrace",26841,894
"Adam","Jones","female","9/15/1998","Asian",380432738,9931238543,"Alaska","Hebzulnek","298 Rubonal Terrace",30426,127
"Jessica","Lewis","male","4/30/2007","Native American",164433168,7662729933,"New Mexico","Vejojomtih","927 Zedpid Square",55409,139
"Christopher","Lee","male","6/13/2011","Black",377914144,5396010970,"Georgia","Kidpohuhoz","1322 Icufube Road",80676,650
"Orlando","Parker","male","9/16/1942","Black",664702510,2224430031,"Rhode Island","Begrokuuvac","702 Pizovir Parkway",14517,235
"Elyse","Adams","female","3/30/1962","Asian",838120013,1327656306,"Idaho","Nowlugejoh","1329 Opogava Street",90552,870
"Ayush","Morgan","male","12/25/1946","Asian",693257025,3276559286,"New York","Jovejomcat","1079 Ranubar Street",73081,308
"Monique","Marfil","female","11/03/1919","Asian",417923707,5336660306,"Tennessee","Makekakzep","1676 Dedtew Path",49933,646
"Sepehr","Rice","female","8/22/1984","Asian",255335223,8941297366,"Oregon","Fisgewimeb","1611 Fujleja Ridge",72144,116
"Jaleeza","Wu Zheng","female","1/15/1984","Pacific Islander",902343027,9612368011,"Louisiana","Furupepizem","866 Rerabogo Plaza",33954,368
"Justina","Diakite","male","08/04/1976","White",924931546,1188096160,"Louisiana","Cubvezicip","102 Katemaju Way",28805,465
"Shannon","Oh","male","6/22/1976","Pacific Islander",395130916,2885954526,"Wyoming","Wililinicu","1746 Wupodelu River",26160,832
"Khoi","Arellano","male","12/06/1972","Asian",450909242,8298961949,"Georgia","Osumutegzohe","1552 Zasvaga Turnpike",89220,583
"Marcius","Ralpho","female","11/11/1967","Pacific Islander",752323313,2905604840,"Kansas","Kenovujetuh","360 Ubavuji Avenue",90218,461
"Aparna","Patterson","female","10/15/1935","Asian",816381470,4315429709,"Oregon","Rutkebasihe","1474 Oturor Glen",38494,717
"Adom","Lira","male","05/04/1984","Pacific Islander",894921455,2052217996,"New Mexico","Bukofufaeri","218 Ujezus Terrace",74131,389
"Thomas","Tortorelli","male","05/03/2000","Black",371568606,8760391266,"Maine","Tugupozgit","1907 Sidsut Grove",19770,112
"Dakota","Wilson","male","3/29/1963","Black",376759438,7119249263,"Illinois","Jofumajugaw","582 Jedjun Avenue",71956,605
"Anthony","Garner","male","12/29/1988","Asian",966842411,7783163276,"Washington","Nulwegecuc","1563 Kozmopu Grove",26156,419
"Stephanie","Gupton","male","06/03/1975","White",820512307,5799782398,"Nebraska","Davwapjag","809 Jurtibo Circle",33877,722
"Justine","Lumba","male","6/20/1973","Black",921681271,1456717725,"Ohio","Ficsokcabo","447 Abedawo Center",79897,264
"Reina","Zulali","male","09/11/1927","Black",425397583,6517975264,"Oklahoma","Itubbirafuh","1274 Balizud View",65585,804
"Colleen","Ward","male","10/27/1973","Asian",333459877,4560985726,"Georgia","Ciludohcozi","1832 Vonagamo Loop",54328,19
"Tyler","Fransua","female","11/02/1937","Asian",407717196,6853675685,"Rhode Island","Ahohomwiru","58 Jewunilu Terrace",10450,867
"Celena","Kim","female","10/16/1951","Black",955920028,3598932309,"Idaho","Zodaduzoziv","1853 Hidopej Lane",20646,276
"Elaine","Ruybal","male","5/15/1940","Asian",448734536,6804730603,"Nebraska","Ejuhovinvere","395 Wozilez Grove",81223,405
"Evelyn","Solberg","male","5/28/1976","Black",592649153,4936627904,"West Virginia","Petisedelam","1518 Wogkis Junction",58712,921
"Hernan","Dang","female","06/08/1932","Black",748481023,9723960353,"Missouri","Focvicifeb","1608 Owareze Court",17698,499
"Da'Von","Lujan","female","11/19/2010","Pacific Islander",110575041,7745196318,"North Dakota","Ohazasiasi","184 Silorofe Extension",69871,922
"Terry","Want","female","2/21/1966","Black",896144350,6062388849,"Missouri","Rewonikevol","1836 Bopebot Extension",73197,484
"Santiago","Gonzales","male","01/06/1991","Black",258596292,7160412247,"Alabama","Zasuzujalu","1928 Nulwoja Path",83598,748
"Eileen","Carter","male","01/01/1998","Asian",101544632,3275220185,"Florida","Vittuches","1319 Liheuka Road",34607,681
"Chelsea","Lopez","male","12/02/1929","Black",375180963,6910339354,"Massachusetts","Ivenhucviro","1210 Cupogi Center",65371,397
"Jessica","Tate","female","3/20/1984","Native American",155479328,5870600735,"Michigan","Vihaodinmeda","1842 Gokatike Drive",34976,386
"Andrew","Wilcoxen","male","7/17/1976","Asian",365586126,9291333247,"Arizona","Dewsusufuk","481 Dekmif Key",35286,50
"Matthew","Ward","female","05/03/1952","Asian",476346210,1928769207,"Nebraska","Ivenumoewu","180 Vihiselo Center",84942,601
"Natelle Rae","Damiana","female","7/28/2015","Native American",453406534,4301026764,"New Jersey","Vuvesiwhika","531 Cupocob Road",27455,362
"Sahej","Clayton","male","10/11/1989","Asian",660645378,3158805765,"Pennsylvania","Morcahito","156 Depunen Circle",83401,194
"Conner","Dern","male","6/25/1947","White",762778316,3608965600,"South Carolina","Nicufenibah","148 Tozwazo Way",93340,94
"Casandra","Williams","female","9/17/1982","White",121255895,6917905656,"Indiana","Gegmafwib","487 Wijseh Drive",92840,775
"Alexander","Posey","male","1/23/2015","Asian",883751512,3752837265,"New Jersey","Amuliwarjaro","1263 Sivegav Manor",96251,498
"Kony","Park","male","12/04/1929","Black",366650516,8882538582,"Oklahoma","Jinemahcote","665 Sugnipe Trail",47409,739
"Kyle","Martinez","male","10/29/1968","Black",294792492,2530173943,"Wyoming","Utiulezwif","907 Pivofa Junction",56086,615
"Marco","Tillmon","female","8/30/2015","Asian",374619561,7079136249,"Nevada","Venikodobura","38 Makroni Mill",24220,121
"Kathryn","Allen","female","03/09/1952","White",564336552,1923448021,"Arizona","Jufoduhcevu","29 Keshafo View",16621,548
"Prizilla","Thornton","female","5/21/1942","Black",463839506,1726682693,"Vermont","Bosofattuw","1018 Hiztof Plaza",94760,453
"Marcia","Gonzalez-Bejarano","female","10/13/1963","Black",410866949,8120078559,"Missouri","Idemisgeju","1901 Aritod Boulevard",52309,226
"Dontae","Lopez","female","07/01/1958","Pacific Islander",514776144,4790833198,"Colorado","Otavowebebo","1218 Wasoofej Turnpike",54911,354
"Anchal","Vincent","male","7/20/2015","Asian",426179341,2594076667,"Colorado","Masucocikuv","45 Vuziile River",68192,628
"Josephine-Marie","Zhen","male","03/10/1982","Black",229131708,1794561436,"North Dakota","Catosubotuv","773 Nehitib Path",17306,683
"Alexander","Bean","male","04/09/1961","Asian",577167392,4441157636,"Mississippi","Fensuwuvif","206 Johzuz Circle",82302,216
"Alyssa","Gray","female","09/06/1950","White",406475916,9180831611,"Wyoming","Wafgoffefi","972 Acumijef Ridge",85226,429
"Coleman","Yi","female","05/04/1999","Black",498547507,2780416355,"Delaware","Nehasavoimu","557 Erejuwa Plaza",15405,234
"Prodeo","Leake","female","6/25/2014","Asian",271348612,8525983115,"South Dakota","Efeafacut","1357 Judruf Ridge",35191,837
"Joshua","Vera","male","10/25/2003","Pacific Islander",294228220,7920634147,"New Jersey","Hopjivrub","210 Zebiebuc Point",32646,805
"Angelina","Poitra","female","11/17/1967","Black",973366913,4894796567,"Idaho","Dahonicutad","1018 Ukilsuju Trail",97088,152
"Jessica","Jennis","male","7/17/1928","White",481896116,9227467925,"Michigan","Lubolowuure","609 Hadutapi Junction",14775,537
"Emelio","Naranchuluun","male","11/20/1959","Black",866227748,4007034978,"Georgia","Ejaskugcud","1781 Uligsulo Highway",29372,514
"Sadyan","Tyler","female","11/24/2015","Native American",753791060,5627907781,"Missouri","Giwkunruhe","688 Rohipura Avenue",52900,856
"Brandon","Tandulwadikar","male","10/19/1965","Pacific Islander",539341704,1914928518,"Nevada","Punodabotoc","693 Ekabfaco Extension",17116,191
"Diana","Maldonado","female","7/16/1955","Black",327996839,8145012898,"Kentucky","Rowupebvip","574 Vejdita Heights",70173,935
"Manuel","Mendoza","female","02/04/1982","Black",839218919,6350308000,"Maine","Joneidiwof","1602 Bihdodi Lane",52138,286
"Jeffrey","Green","male","06/02/1992","Asian",262946453,5085356531,"Alaska","Gagsecwit","465 Juhzeve Heights",90205,836
"Thuanh","Wisham","male","9/23/1956","Asian",542422805,8834783781,"Washington","Cigzukfak","1385 Luroawo Parkway",84913,329
"Joe","Johnson","male","10/19/1936","Black",710663970,5693564928,"Illinois","Urellumnaj","447 Fimietol Road",45450,566
"Brannon","Jacquet","female","06/07/1989","White",359345356,1426405683,"California","Cuwdijuodi","681 Azevedi Manor",89030,124
"Hunter","Kalema","male","05/11/1957","Native American",870136007,8559179315,"Nebraska","Bipkijnado","84 Tukosele Avenue",38732,102
"Shania","Montoya Ortega","female","10/16/1926","Pacific Islander",559489795,3789366787,"Wisconsin","Futlakwepa","1749 Suvlij Mill",52535,344
"Jovonni","Nguyen","male","3/18/1956","Pacific Islander",194311162,7195366696,"Arkansas","Voluururapib","1884 Bawojib Terrace",94808,506
"Thuyvan","Hightower","female","1/18/1976","Asian",980098886,9355736225,"Tennessee","Hovbesobom","1190 Ujopzek Manor",53634,847
"Nicolas","Vigil","female","9/30/1945","Asian",371832837,8174779966,"Maine","Caredowaziw","1663 Uhofes Plaza",24758,564
"Thalia","Ngiateng","male","7/30/1998","Black",842483615,7874289959,"Tennessee","Icudbagsufu","294 Gubwos Lane",94637,693
"Antionette","Pasillas","female","01/07/1971","Black",152574188,8081599364,"New Jersey","Gisabagare","1835 Bunjak Road",39310,892
"Sonia","Yellowhair","male","12/17/1967","Asian",824055590,5662573677,"Ohio","Dicguzhife","1235 Muvjano Parkway",84263,507
"Roxanne","Dang","female","12/12/1974","Black",498399981,9101213440,"Massachusetts","Kovuufuwtit","612 Novkif Key",16485,188
"Harman","Fink","female","2/27/1941","Asian",230280832,6581763796,"New Hampshire","Weruipohhiwa","934 Kajemom Parkway",33656,318
"Rhianna","Hamilton","female","3/18/1967","Asian",845565196,2090379274,"Massachusetts","Gefoerigpumu","472 Nosovomu Heights",68948,799
"Samuel","Syas","male","2/30/1951","Pacific Islander",408362713,3716770242,"North Carolina","Gaztugwog","1764 Juhruwa Extension",46705,752
"Robert","Alex","male","09/10/1944","Native American",906804684,3988945606,"New Mexico","Asirmehidef","1718 Efapwok Lane",46829,916
"Dominique","Shaw","female","09/09/1996","Pacific Islander",865895904,4692718992,"Oregon","Medavohozu","1365 Kidutone Loop",52610,106
"Isaac","Moselina","male","6/30/1954","Black",837666139,3923521855,"California","Tirubahkuh","292 Awamhev Turnpike",68244,452
"Julio","Diaz","male","12/01/1974","Black",336638760,2138630588,"Iowa","Ifiwlinowam","1125 Keztam Manor",46120,946
"Madeline","Ryan","female","05/08/2015","White",571109338,9576385811,"North Carolina","Wilacelazik","1787 Buzatir View",93622,591
"Maheli","Torres","female","6/16/1972","Black",692135563,4022302554,"Idaho","Loscahnori","1771 Zajowi Plaza",72070,1
"James","Newbill","male","1/27/1976","Native American",757719943,5348983227,"Oklahoma","Vikgafofudi","1747 Dahalot Court",14888,388
"Jessica","Garcia","male","3/26/1974","Black",455867635,3067978171,"North Dakota","Hefokiluapa","1225 Jasuset Lane",40526,907
"Brianna","Ohlson","female","11/22/2015","White",841699961,7669707199,"Nebraska","Tavuuhaczuz","344 Huzunapa Ridge",45110,277
"Devika","Steward","female","1/20/1989","Asian",779257123,5900405897,"Alaska","Hijfewuedo","1947 Goleinij Park",45930,608
"Michael","Medina","male","12/23/1962","Pacific Islander",464404768,5779737250,"North Carolina","Ketopafeeju","741 Leplola Trail",49998,516
"Maria","Berry","female","05/04/1972","White",723984705,2903589074,"Nevada","Hadcupjise","1667 Zahacafi Road",12405,830
"Carla","Hill","female","8/14/1983","Black",917642813,5361451658,"South Carolina","Bejuvohetana","758 Rasades Lane",25896,313
"Zachary","Holmes","female","03/07/1942","White",299484934,4094602192,"Montana","Winkosnibe","1079 Aborefih Place",57444,455
"Sismai","Kim","male","10/04/1959","Black",797661804,9957732584,"Louisiana","Jupdafurewa","1204 Pecazig Plaza",63095,217
"Bin","Coleman","female","04/06/1932","Asian",953824594,9076972461,"Wyoming","Likekanakez","1621 Pekvike Place",15497,399
"Ariel","Paige","male","8/16/1957","White",203719857,4427467472,"Minnesota","Rocigofajolo","377 Mebubuj Pike",28016,149
"Adrian","Trujillo","male","05/02/1978","Black",946791066,6421451503,"Mississippi","Geszijarifu","235 Esulus Avenue",54759,205
"Jordan","Nguyen","male","3/29/1955","Pacific Islander",236974941,1176070053,"Wyoming","Cesipaikuj","989 Edewona Path",13845,119
"Matthew","Hockaday","female","06/07/1961","Native American",944501375,9924539265,"Idaho","Akacalmuc","55 Korufuku Circle",21062,325
"Kevin","Terrones","male","03/04/1944","Black",574000547,7767904044,"Georgia","Jofcigusoja","1276 Tabulazo Loop",32319,578
"Aaron","Sriram","male","04/04/1969","Pacific Islander",940435548,5431236838,"Kentucky","Mumilarnaji","954 Vujovup Street",58316,745
"Ryan","Johnson","male","3/16/1990","White",760256370,6252865321,"Ohio","Buvbepeepiw","223 Tefetuwu Junction",10991,258
"Leo","Begay","male","12/21/1940","Asian",535547311,3718047769,"New Hampshire","Bovuvigpina","1916 Zociihep Loop",90148,703
"Nathanial","Adams","male","2/26/1914","Native American",927330790,4930472208,"Missouri","Codoaburwono","1351 Epajiv Key",40807,46
"Jethro-Eli","Barnes","male","10/11/1938","Asian",926843248,8657086141,"Florida","Jivowewcuc","357 Femleb Path",82066,66
"Dominic","Holt","male","9/15/1992","Native American",310960506,8614226486,"New York","Egigcirumet","1565 Pokkoc Boulevard",63205,143
"Jeremy","Torres","male","12/02/2001","Asian",213851889,3815274862,"Texas","Bujezekatefa","13 Cinedabu Pass",63720,708
"Joshua","Watt","male","10/30/1975","Pacific Islander",815196917,1634235732,"Florida","Higjuseboz","791 Bugwome Trail",80494,682
"Michelle","Harrison","female","06/12/1966","Asian",343319873,6251246124,"Ohio","Umakbedmedi","1315 Cohmecu Ridge",16100,247
"Sydnie","Mccauley","female","5/13/1959","White",633732273,9025238887,"New Jersey","Zocovumsac","232 Tewomiho Trail",83312,665
"Joshua","Meharzi","male","09/04/1944","Black",745735791,6133487899,"Missouri","Fikuzerafin","371 Risasoba Pass",32361,316
"Aaron","Lee","male","7/25/1947","Asian",811695417,7035682652,"North Carolina","Mipnuhuebub","1919 Ipelkugo Heights",48285,434
"Myneshia","Sullivan","male","1/30/1953","Asian",750341290,7494382637,"Montana","Ejonureha","291 Jopailih Ridge",49251,103
"Ali","Davis","male","02/08/1965","White",323804681,9171594171,"Ohio","Vibmenkedi","1681 Gazwefa Road",23926,218
"Joyce","Delgado Hernandez","female","9/15/1914","Black",855413359,9313028519,"Arizona","Vokanezgur","1251 Cijamis Mill",53996,349
"Dinah","Torres","female","8/25/1987","Pacific Islander",145954297,7609381313,"Indiana","Regbonojemi","5 Duhgohi Highway",65551,40
"Mackenzie","Olguin","female","1/29/2005","Native American",977515802,2126384799,"Connecticut","Pingafawahe","463 Segutono Point",41270,86
"Joshua","Kemp","male","11/30/1954","Native American",308966113,3474830219,"Pennsylvania","Ruletidorot","264 Fubifiz Pike",65517,53
"Eric","Tekumalla","male","05/11/1950","Pacific Islander",688943294,7401853598,"Louisiana","Vudripogur","1181 Luzodagi View",79564,440
"Sarahi","Fejeran","female","8/19/1982","Black",776050024,1132867819,"Delaware","Negmenorez","1760 Mifovun Avenue",34861,88
"Derrick","Garcia","female","01/02/1941","Black",744255643,4844314891,"Arkansas","Camnogetiza","1854 Esiffehu Circle",83401,529
"Nathan","Whitmill","female","02/10/1957","Asian",841078265,7677408724,"Arkansas","Hageopabov","1304 Ihutevi View",68300,582
"Nikolas","Phung","female","12/09/1967","Black",638945983,7116455902,"Texas","Cejrihetiv","2000 Anepvok Pike",65235,671
"Van","Meridy","female","3/23/1958","Asian",360070903,1723505834,"North Dakota","Basoateekeb","162 Majenit Center",62614,155
"Ryan","Wise","female","10/13/1964","Asian",608348027,4319055349,"Kansas","Aserdonuedas","1132 Dahtuj Avenue",50959,179
"Nicole","Bradford","female","06/09/1974","Pacific Islander",138543972,3037612345,"Hawaii","Salfohzebu","89 Lagluwo Park",19806,534
"Colton","Lee","male","04/11/1958","Pacific Islander",967175032,9253503323,"Washington","Risacolegic","518 Rubelaki Terrace",62948,396
"Seaira","Martinez","male","10/22/1966","White",396466066,8795507167,"California","Borkijezol","1984 Miccima Street",37246,161
"Jacob","Rodriguez","male","2/20/1932","Black",230307654,7595193136,"Virginia","Muhvocisudo","348 Denuufe Way",15660,617
"Myranda","Todacheene","female","05/09/1958","Native American",111403254,3953308440,"Nebraska","Wowimuzuera","1762 Ofowgeg Manor",18664,333
"Kyle","Anderson","female","1/20/2015","Asian",490296673,2944655301,"North Carolina","Zegkonatos","97 Wawhepo Road",38528,647
"Li","Anderson","female","05/06/1970","Asian",623553565,5466568142,"Minnesota","Sibutadoicu","1560 Wezrake Manor",82827,761
"Elijah","Willison","female","04/01/1940","Asian",285188277,8038106182,"Connecticut","Uzavarufled","1300 Vipezeh View",37895,451
"Ean","Thacker","female","9/19/1966","White",710802698,7496435379,"Tennessee","Pofrabnomo","74 Tokcab Path",71241,800
"Jordan","Bernatsky","male","7/28/1948","Pacific Islander",899059320,3699513135,"Minnesota","Okewhujomifa","1675 Degiagaf Pass",95562,811
"Sandra","Barman","male","10/04/2011","Black",878289480,5081759206,"Maryland","Jakavagavon","489 Foseoju Center",19574,269
"Anjelica","Barrientos","male","09/03/1970","Black",693084128,3354291382,"New York","Cejmubajev","121 Huzouhep Boulevard",92082,872
"Juan","Olivas","male","02/12/1936","Black",637321979,6895416553,"New Jersey","Wozeipizhuha","314 Sotukulo Junction",36346,828
"Barry","Diaz Flores","female","5/20/1970","Pacific Islander",146389564,2038062422,"Nevada","Jistosjeja","231 Hifevu Plaza",28167,528
"Hannah","Garcia","male","11/12/1994","Pacific Islander",466867172,2925061037,"Alabama","Opalzalonilo","1914 Nomseke Path",23592,668
"Whitney","Cruz Ortega","female","02/11/1916","Black",182892350,3542259202,"Nevada","Nublinubepu","1849 Hujwog Park",26073,485
"Marcus","Guist","male","11/17/1902","Pacific Islander",137648229,8213194626,"Louisiana","Amiwumeekum","1011 Puklom River",20831,877
"Jose","Hammond","female","8/18/2005","Black",873988482,6204716603,"Maine","Temlukebefu","732 Mokluzu Trail",52240,165
"Jesus","Peters-Fender","female","5/14/2008","Black",811998896,1058014004,"Florida","Cimpimfumo","1368 Kifebohu Boulevard",59692,355
"Daniel","Pang","female","04/05/1979","Black",968605817,9518704736,"Iowa","Pefimagnuh","663 Ajudmab View",31906,415
"Annaly","Do","male","9/28/1945","Black",186608084,1673071217,"Michigan","Oseliguvi","1045 Cedevo Place",26094,917
"Anna","Rix","male","5/27/1924","Native American",193049307,9087715041,"Nebraska","Gopubileg","433 Ulegol Place",43050,975
"Andrew","Lattimer","female","12/07/1954","Native American",523968440,3957205541,"South Carolina","Amuziksiji","346 Tivagir Junction",85854,865
"Evan","Hanson","male","11/04/1922","White",663541296,6508658425,"Florida","Okinwihizofu","1775 Votifil Heights",99780,707
"Robert","Matte","male","11/29/1918","Pacific Islander",563004256,8863662346,"Louisiana","Fimfuzumot","1533 Tehnoz Park",31071,618
"Ta'Sharra","Owens","female","01/04/1958","Pacific Islander",729691365,2565197624,"North Carolina","Watobamumi","895 Wewwezi Plaza",23926,590
"Kimberly","Rivera","female","11/27/1973","Asian",143824658,2440344370,"Vermont","Cicpuhusuji","510 Vidmepu Drive",95768,653
"Gabrielle","Cheung","male","04/07/1934","Pacific Islander",999185812,2456227774,"New York","Vuwehaftaw","1660 Hevigofu Path",16859,791
"Jeremiah","Juan","male","04/03/1957","Pacific Islander",869674356,2245987689,"Wyoming","Ijagavwumi","523 Hikfez Circle",89413,933
"Nicole","Zeunen","male","12/19/1967","White",556750406,7912495101,"Kentucky","Budewimobojo","1433 Jakerar Way",26093,458
"Imagine","Ramos","male","10/05/1957","Black",448539452,2681360884,"North Carolina","Sodmicopak","563 Kebaciw Circle",13470,981
"David","Murphy","male","12/21/1966","Asian",212880614,9005589891,"Alaska","Aseatarobu","892 Ropekaz Boulevard",15478,767
"Kylie","Thompson","female","6/26/1952","Asian",184584060,5118851596,"Maine","Vabnonron","1792 Rapcuho Avenue",75915,699
"Michael","Huston","female","12/26/2015","White",989364256,8964695656,"Hawaii","Repciheeme","414 Cezbak Path",96027,900
"Marcus","Nguyen","female","12/15/1940","Pacific Islander",550075870,7756943610,"Maine","Guhocislaru","1431 Feftoru Park",15310,835
"Angel","Yambao","female","1/20/1950","Black",395618478,5901529618,"Massachusetts","Fugidizkif","893 Nozmir Plaza",48502,982
"Amie","Mungovan","male","09/07/1985","Asian",826517439,8327150011,"Minnesota","Paziratoce","61 Fewguvu Center",92895,704
"Chris","Hamlin","male","03/05/1955","Asian",265455368,5244313819,"Indiana","Wivaohuukam","1671 Kanuzuz Highway",83333,256
"Amber","Malmsbury","female","09/04/1997","Pacific Islander",996374017,1491348335,"Wyoming","Paclonteh","193 Wipfavi Circle",49166,540
"Angel","Tamez","male","7/22/1955","Black",467701174,4581764783,"Washington","Iwapavbuc","1871 Vugapas Plaza",18374,417
"Alexander","Zuluaga","female","9/18/1988","Pacific Islander",789730805,5820766987,"New Hampshire","Zuzsasiewe","382 Cipadiso Pike",62590,130
"Johanna","Solano","male","02/08/1988","Black",418891910,6914480356,"Nebraska","Vephujodan","891 Epavvoci Plaza",40316,254
"Janaya","Scott","male","10/12/2007","Pacific Islander",970014347,9626961318,"Wisconsin","Gififaziohu","349 Cavgat Loop",63794,638
"Janice","Bearden","male","8/26/1983","Native American",284834500,4988323665,"Nevada","Gusipehulaj","1032 Ucelahu Turnpike",65361,422
"Andrew","Raymond","male","12/07/1945","Asian",296923402,4028772009,"Utah","Bekedikgij","1282 Uregfik Place",83037,476
"Teandre","Jones","male","8/28/1953","Pacific Islander",369457435,7149306301,"Oklahoma","Newuciddiz","336 Furvip Plaza",12724,326
"Harry","Fowler","male","11/03/1977","Pacific Islander",917522117,8743553548,"Louisiana","Gefozankefu","1497 Araffuve Highway",70090,525
"Marlen","Salahi","female","6/26/1955","Black",526256600,1533298256,"Kansas","Mefdociizer","542 Lufofi Extension",41407,711
"Jennifer","Muppala","male","7/18/1988","Black",295790600,7636363118,"North Dakota","Bebtobzit","308 Vivazori Road",61778,253
"Stephanie","Fernandez","female","7/16/1965","Black",883983583,2654735681,"Montana","Rohatiofu","1343 Gafijil Street",22783,541
"Erik","Pham","male","4/22/1975","Black",675940923,9284272657,"Indiana","Mortapobec","1035 Kilizip Pike",60383,345
"Nicholas","Gonzales","male","10/28/1988","Pacific Islander",638924061,4567465654,"New York","Noderimnig","834 Paljamu Place",28654,678
"Heidi","Miyasato","female","6/29/1940","Black",702414873,6284490170,"Washington","Tuktawkek","1666 Suronive Avenue",68896,352
"Rene","Tran","female","1/30/1952","Black",365469019,5740241758,"Alabama","Rajvudhezi","288 Bisakef Lane",97668,147
"Tony","Eiffert","male","01/05/1959","Pacific Islander",939365317,9109029647,"New Mexico","Bacebalomic","994 Aferpopu Manor",46920,778
"Jordan","Rocilez","male","01/11/1950","Pacific Islander",143945974,2421633535,"Kansas","Zariraciuki","523 Hemunif Square",94651,758
"Miguel","Alvarez","female","12/03/1984","Black",882688485,1106603008,"Massachusetts","Owogohsozu","611 Ezinim Road",68419,926
"Julian","Okubo","male","11/01/1992","Pacific Islander",451817263,3692361245,"Nevada","Edujapitow","1994 Wuknuj Circle",82422,972
"Peyton","Trujillo","male","11/05/1941","Pacific Islander",434682884,4564084893,"Tennessee","Hiffiswuli","462 Hecakew Square",82576,113
"Amalio","Torrez","female","1/21/1921","Black",813687485,1883624109,"South Dakota","Zuhjittuz","314 Hecihis Extension",80683,781
"Melina","Reda","female","8/20/2002","White",718708908,1399809491,"California","Efecamfiw","582 Biztir Mill",32497,795
"Matthew","Polk","male","8/17/1989","Asian",817193650,2612959551,"Louisiana","Tojoirapkam","1433 Gifade Ridge",92905,212
"Qi","Kellison","female","06/05/1983","Asian",739077215,3452778350,"Alaska","Omowoserac","1332 Icorazo Court",36039,22
"Lance","Chea","female","10/22/2003","Black",442839264,2092754925,"South Dakota","Hojategah","1182 Zivomiz Drive",34559,353
"Karissa","Yen","male","06/06/1987","Black",230128183,2354667407,"Alaska","Lopizotuzuku","348 Ikucipu Street",11068,284
"Kayla","Neff","female","3/26/1965","Asian",543311448,4055347960,"Florida","Selanijakuna","1861 Kavcod Street",98042,74
"Tan","Pike","female","8/23/1910","Asian",481956437,2894565970,"New Hampshire","Penfizsuj","309 Lefeonid Boulevard",29593,743
"Derrick","Lopez-Itomura","female","09/01/1939","Pacific Islander",274327981,6208991106,"Idaho","Zislagnido","716 Lulujar Terrace",44644,309
"Amanda","Marks","male","7/27/1963","Asian",464559320,2978220247,"Connecticut","Kewgadedona","481 Bezevepa Key",57239,966
"Matthew","Nwizu","male","01/04/1932","White",157189572,3432632179,"New Hampshire","Taluveworek","110 Wafsew Pass",34055,187
"Shalimar","Fong","female","10/04/1994","Pacific Islander",382128760,6363242945,"Minnesota","Jacaipadibi","1767 Caruomic Turnpike",46049,467
"Leishka","Reyna","male","9/17/1938","Black",492907752,5412652702,"New Jersey","Afakecuzato","1420 Tufapih Park",22560,141
"Gienry","Marshall","male","11/08/1946","Asian",946847055,8435655539,"North Dakota","Nesikufuduv","402 Tukedut Road",83638,597
"Tyree","Hiemsouvahn","female","01/01/1941","Pacific Islander",862347779,8203739950,"Vermont","Cehoramiwoso","1421 Jahiezew Highway",46350,798
