Id	LabelName	TagLabelCategory	TagSubcategory	ServiceLevel	LeadTime	StockOnHand	StockOnOrder	LotMultiplier
1	Strawberry Candy canes 200g	ILS3002	ILS60	0.95	3	181	80	20
2	Orange Stick Candy 100g	ILS3002	ILS40	0.95	3	400	200	20
3	Lemon Saf-T-Pops 200g	ILS3002		0.95	3	222	200	20
4	Lemon Caramel Squares 500g	ILS3002	ILS40	0.95	3	121	50	50
5	Orange Sweethearts 100g	ILS60	ILS66	0.9	7	1498	680	20
6	Grape Smarties 200g	ILS3002	ILS0006	0.97	1	0	30	10
7	Raspberry Big Hunk 200g	ILS3014	ILS0000	0.9	7	1304	480	10
8	Strawberry Candy canes 100g	ILS40	ILS46	0.97	1	0	60	10
9	Watermelon Sour Punch Straws 500g	ILS40	ILS46	0.9	7	953	980	20
10	Grape Look! 100g	ILS3002	ILS40	0.9	7	455	250	50
11	Lemon Tootsie Roll 100g	ILS40	ILS46	0.95	3	506	100	10
12	Grape Bit-o-Honey 200g			0.9	7	0	130	10
13	Lemon Toxic Waste 100g			0.9	7	637	210	10
14	Blueberry Peach Blossoms 100g	ILS40	ILS46	0.95	3	438	200	20
15	Watermelon Candy Sticks 100g			0.9	7	37	550	10
16	Strawberry Jawbreaker 100g			0.95	3	344	60	20
17	Orange Lollipop 200g	ILS40	ILS48	0.97	1	0	20	20
18	Blueberry Rocky Road 200g	ILS3006	ILS0000	0.97	1	0	30	10
19	Watermelon Caramel Squares 200g	ILS40	ILS46	0.97	1	0	20	20
20	Strawberry Warheads 500g			0.97	1	0	20	10
21	Banana Gummi Worms 500g	ILS40	ILS46	0.97	1	0	50	50
22	Grape Caramel Creams 500g	ILS40	ILS46	0.9	7	191	730	10
23	Banana Big Hunk 500g	ILS3002	ILS0006	0.97	1	0	40	20
24	Raspberry Lollipop 200g	ILS3002	ILS3014	0.95	3	140	150	50
25	Grape Black Jacks 500g	ILS40	ILS46	0.95	3	238	40	20
26	Orange Stick Candy 500g	ILS60	ILS66	0.97	1	0	50	50
27	Blackberry Sky Bar 200g	ILS40	ILS46	0.97	1	0	70	10
28	Orange Sugar Daddy 500g	ILS40	ILS46	0.95	3	467	100	50
29	Blueberry Big Hunk 500g	ILS3002	ILS40	0.95	3	222	150	50
30	Strawberry Gummi Cherries 200g	ILS40	ILS46	0.97	1	0	70	10
31	Apple Caramels 100g	ILS40	ILS48	0.95	3	553	100	10
32	Blackberry Gummi Cherries 500g	ILS40	ILS46	0.95	3	149	400	50
33	Blueberry Gummi Cherries 200g	ILS3002	ILS3014	0.97	1	0	60	10
34	Banana Saf-T-Pops 100g	ILS3014	ILS0000	0.97	1	0	50	50
35	Grape Warheads 500g	ILS60	ILS66	0.97	1	0	50	50
36	Strawberry Candy Sticks 200g			0.97	1	0	50	50
37	Blackberry Look! 200g	ILS2002	ILS0000	0.9	7	998	980	10
38	Apple Gummi Bears 200g	ILS3014	ILS0000	0.95	3	514	150	50
39	Watermelon Sugar Daddy 100g	ILS40	ILS46	0.97	1	0	20	20
40	Lemon Toxic Waste 200g	ILS40	ILS4024	0.97	1	0	70	10
41	Blueberry Bit-o-Honey 100g	ILS3014	ILS0000	0.95	3	410	160	20
42	Blueberry Big Hunk 200g			0.95	3	269	420	20
43	Watermelon Black Jacks 200g	ILS3006	ILS0000	0.9	7	982	800	20
44	Strawberry Candy canes 500g	ILS3014	ILS0000	0.9	7	737	540	20
45	Banana Black Jacks 500g	ILS60	ILS66	0.95	3	400	20	20
46	Apple Caramel Creams 200g	ILS40	ILS4024	0.9	7	1616	260	20
47	Orange Caramel Creams 500g	ILS3014	ILS0000	0.97	1	0	80	20
48	Strawberry Bit-O-Honey 100g	ILS40	ILS46	0.9	7	1540	50	50
49	Lemon Caramel Squares 100g	ILS3002	ILS0006	0.95	3	318	350	50
50	Grape Peach Blossoms 500g	ILS40	ILS46	0.97	1	0	70	10
51	Raspberry Sky Bar 500g	ILS60	ILS66	0.97	1	0	40	20
52	Blackberry Sugar Daddy 100g	ILS40	ILS46	0.9	7	1331	600	50
53	Strawberry Caramels 100g	ILS40	ILS46	0.97	1	0	50	50
54	Watermelon Sour Patch Kids 500g	ILS40	ILS42	0.9	7	1355	300	50
55	Cherry Peach Blossoms 200g	ILS40	ILS46	0.95	3	62	580	20
56	Apple Tootsie Roll 200g	ILS3014	ILS0000	0.95	3	334	200	20
57	Banana Warheads 100g	ILS3006	ILS0000	0.9	7	587	1350	50
58	Raspberry Stick Candy 100g	ILS40	ILS46	0.95	3	239	100	20
59	Cherry Chupa Chups 200g	ILS40	ILS46	0.9	7	796	40	10
60	Cherry Boston Fruit Slices 500g	ILS60	ILS66	0.9	7	812	400	20
61	Orange Lollipop 100g	ILS40	ILS46	0.97	1	0	50	50
62	Lemon Chupa Chups 100g	ILS3014	ILS0000	0.95	3	69	500	50
63	Watermelon Saf-T-Pops 100g	ILS40	ILS46	0.95	3	281	100	50
64	Watermelon Gummi Fish 200g	ILS40	ILS46	0.95	3	105	470	10
65	Lemon Bit-O-Honey 100g	ILS40	ILS48	0.97	1	0	60	20
66	Banana Sugar Daddy 200g			0.9	7	1176	220	20
67	Orange Big Hunk 100g	ILS40	ILS46	0.97	1	0	10	10
68	Blueberry Caramel Squares 100g	ILS40	ILS46	0.9	7	1395	320	20
69	Raspberry Gummi Bears 100g	ILS2002	ILS0000	0.97	1	0	50	50
70	Blackberry Boston Fruit Slices 100g	ILS40	ILS46	0.95	3	227	250	10
71	Blackberry Caramels 100g	ILS40	ILS46	0.9	7	1603	450	50
72	Banana Big Hunk 100g	ILS60	ILS66	0.97	1	0	50	50
73	Watermelon Sugar Daddy 500g	ILS3002		0.97	1	0	60	10
74	Raspberry Dum Dum Pops 100g	ILS40	ILS42	0.95	3	437	180	10
75	Blackberry Sugar Daddy 500g	ILS3002	ILS3014	0.97	1	0	20	20
76	Blackberry Sweethearts 100g	ILS3002		0.97	1	0	60	10
77	Orange Sky Bar 500g	ILS40	ILS42	0.9	7	1000	400	50
78	Orange Dum Dum Pops 200g	ILS40	ILS46	0.9	7	74	150	50
79	Lemon Sweethearts 200g	ILS40	ILS4004	0.9	7	935	110	10
80	Blueberry Lollipop 100g	ILS40	ILS46	0.97	1	0	100	50
81	Cherry Bit-O-Honey 100g	ILS40	ILS46	0.95	3	410	200	20
82	Blueberry Caramels 500g	ILS60	ILS66	0.9	7	1440	480	20
83	Lemon Gummi Worms 100g	ILS40	ILS46	0.9	7	805	10	10
84	Raspberry Lollipop 100g	ILS40	ILS46	0.9	7	1409	520	10
85	Banana Candy canes 100g	ILS60	ILS66	0.95	3	451	190	10
86	Raspberry Bit-O-Honey 100g	ILS3006	ILS0000	0.97	1	0	40	10
87	Blueberry Lollipop 200g	ILS40	ILS46	0.95	3	81	440	20
88	Apple Black Jacks 100g	ILS3002	ILS3006	0.95	3	224	60	20
89	Cherry Black Jacks 200g	ILS40	ILS46	0.97	1	0	60	10
90	Blueberry Big Hunk 100g	ILS60	ILS66	0.97	1	0	20	20
91	Strawberry Dum Dum Pops 100g	ILS40	ILS46	0.9	7	249	570	10
92	Grape Dum Dum Pops 100g	ILS40	ILS46	0.9	7	959	830	10
93	Orange Peach Blossoms 200g	ILS2002	ILS0000	0.97	1	0	50	10
94	Orange Chupa Chups 100g	ILS40	ILS46	0.97	1	0	60	20
95	Watermelon Sour Patch Kids 100g	ILS3014	ILS0000	0.97	1	0	50	50
96	Strawberry Caramel Creams 500g	ILS60	ILS66	0.95	3	275	140	20
97	Apple Stick Candy 100g	ILS40	ILS46	0.97	1	0	70	10
98	Strawberry Stick Candy 100g	ILS40	ILS42	0.9	7	1421	100	50
99	Watermelon Sour Punch Straws 100g	ILS40	ILS46	0.9	7	0	100	10
100	Raspberry Gummi Cherries 200g	ILS3014	ILS0000	0.95	3	334	60	20
101	Banana Abba-Zaba 100g	ILS40	ILS46	0.9	7	1254	100	50
102	Grape Saf-T-Pops 500g	ILS2002	ILS0000	0.95	3	535	100	50
103	Apple Warheads 100g	ILS40	ILS46	0.95	3	386	200	10
104	Banana Caramels 100g	ILS40	ILS46	0.97	1	0	10	10
105	Orange Sour Punch Straws 500g	ILS40	ILS46	0.9	7	625	1000	50
106	Blueberry Jawbreaker 500g	ILS40	ILS48	0.97	1	0	10	10
107	Cherry Smarties 100g	ILS3014	ILS0000	0.9	7	53	540	20
108	Apple Tootsie Roll 100g	ILS40	ILS46	0.95	3	417	160	20
109	Strawberry Bit-o-Honey 200g	ILS3014	ILS0000	0.9	7	980	160	20
110	Blackberry Stick Candy 200g	ILS3014	ILS0000	0.9	7	786	620	20
111	Cherry Bit-O-Honey 200g	ILS40	ILS48	0.95	3	302	150	50
112	Raspberry Smarties 200g	ILS40	ILS48	0.9	7	991	700	20
113	Cherry Candy Sticks 500g	ILS3002	ILS2002	0.95	3	506	80	20
114	Orange Sweethearts 500g			0.97	1	0	50	50
115	Banana Gummi Worms 100g	ILS40	ILS46	0.9	7	1493	560	20
116	Strawberry Big Hunk 100g	ILS40	ILS46	0.9	7	683	720	20
117	Cherry Gummi Bears 100g	ILS26	ILS2600	0.97	1	0	20	20
118	Blackberry Stick Candy 500g	ILS40	ILS46	0.9	7	500	1050	10
119	Orange Boston Fruit Slices 500g	ILS3002		0.95	3	234	100	20
120	Raspberry Boston Fruit Slices 200g	ILS40	ILS46	0.9	7	300	240	20
121	Blackberry Candy canes 100g	ILS40	ILS46	0.97	1	0	40	20
122	Banana Caramel Squares 100g	ILS60	ILS66	0.97	1	0	60	10
123	Grape Chupa Chups 500g	ILS40	ILS46	0.95	3	282	150	50
124	Apple Sweethearts 500g	ILS2002	ILS0000	0.9	7	641	1070	10
125	Raspberry Chupa Chups 200g	ILS40	ILS46	0.9	7	764	500	50
126	Strawberry Caramel Creams 100g	ILS40	ILS46	0.95	3	246	40	10
127	Strawberry Lollipop 500g	ILS60	ILS66	0.97	1	0	100	50
128	Banana Boston Fruit Slices 500g	ILS2002	ILS0000	0.95	3	420	200	50
129	Blackberry Sky Bar 100g	ILS60	ILS66	0.97	1	0	50	10
130	Blueberry Bit-O-Honey 200g	ILS3002	ILS40	0.97	1	0	0	50
131	Apple Boston Fruit Slices 200g	ILS60	ILS66	0.9	7	531	1460	20
132	Blueberry Warheads 500g	ILS40	ILS46	0.95	3	352	250	50
133	Strawberry U-No Bar 100g	ILS40	ILS46	0.95	3	309	300	50
134	Grape Lollipop 100g	ILS40	ILS46	0.95	3	285	100	10
135	Blueberry Gummi Cherries 500g	ILS40	ILS46	0.9	7	131	190	10
136	Orange Gummi Worms 100g	ILS40	ILS46	0.9	7	160	140	20
137	Blueberry Caramel Creams 500g	ILS60	ILS66	0.9	7	1335	660	10
138	Watermelon Lollipop 200g	ILS3002	ILS40	0.95	3	78	100	10
139	Raspberry Saf-T-Pops 100g	ILS40	ILS42	0.95	3	104	100	50
140	Blackberry Gummi Bears 100g	ILS60	ILS66	0.95	3	83	450	50
141	Strawberry Bit-O-Honey 200g	ILS40	ILS42	0.95	3	364	220	10
142	Blueberry Stick Candy 200g	ILS3014	ILS0000	0.9	7	887	900	10
143	Orange Sour Patch Kids 200g	ILS40	ILS46	0.9	7	435	700	50
144	Blackberry Gummi Fish 200g	ILS40	ILS46	0.9	7	1010	320	20
145	Blueberry Bit-o-Honey 500g	ILS3002		0.95	3	288	20	20
146	Banana Dum Dum Pops 200g	ILS40	ILS46	0.95	3	252	320	20
147	Raspberry Saf-T-Pops 200g	ILS3002		0.97	1	0	40	20
148	Raspberry Stick Candy 500g			0.97	1	0	40	10
149	Banana Gummi Bears 200g	ILS60	ILS66	0.97	1	0	0	10
150	Grape Tootsie Roll 200g	ILS3002		0.97	1	0	50	50
151	Apple Saf-T-Pops 200g	ILS40	ILS46	0.9	7	376	960	20
152	Raspberry Boston Fruit Slices 100g	ILS60	ILS66	0.95	3	101	60	10
153	Grape Sugar Daddy 500g	ILS60	ILS66	0.95	3	187	380	20
154	Lemon Sour Punch Straws 500g	ILS60	ILS66	0.9	7	998	500	20
155	Orange Sky Bar 200g	ILS40	ILS46	0.97	1	0	100	50
156	Strawberry Toxic Waste 100g	ILS40	ILS46	0.97	1	0	40	20
157	Cherry Candy Sticks 200g	ILS40	ILS48	0.95	3	323	110	10
158	Grape Caramel Squares 100g	ILS40	ILS42	0.97	1	0	20	20
159	Grape Black Jacks 100g	ILS40	ILS46	0.95	3	35	120	20
160	Watermelon Look! 200g	ILS60	ILS66	0.97	1	0	20	10
161	Lemon Smarties 200g	ILS60	ILS66	0.9	7	1592	600	50
162	Grape Smarties 500g	ILS40	ILS46	0.97	1	0	50	50
163	Raspberry Black Jacks 100g	ILS40	ILS46	0.97	1	0	100	50
164	Blueberry Stick Candy 500g	ILS3002	ILS60	0.95	3	68	400	50
165	Blackberry Sugar Daddy 200g	ILS40	ILS42	0.97	1	0	20	10
166	Watermelon Caramels 500g	ILS40	ILS46	0.97	1	0	50	50
167	Strawberry Jawbreaker 500g	ILS40	ILS46	0.95	3	129	340	20
168	Apple Sky Bar 100g	ILS2002	ILS0000	0.97	1	0	50	50
169	Grape Lollipop 200g	ILS40	ILS46	0.95	3	80	360	10
170	Grape Boston Fruit Slices 500g	ILS60	ILS66	0.97	1	0	80	20
171	Orange Gummi Bears 100g	ILS40	ILS46	0.95	3	388	250	50
172	Watermelon Bit-o-Honey 500g	ILS3006	ILS0000	0.95	3	334	140	20
173	Grape U-No Bar 200g	ILS40	ILS46	0.97	1	0	20	20
174	Apple Peach Blossoms 100g	ILS3002		0.95	3	108	260	10
175	Orange Gummi Worms 200g	ILS40	ILS42	0.97	1	0	40	20
176	Strawberry Look! 100g	ILS60	ILS66	0.95	3	398	100	50
177	Apple Sour Punch Straws 200g	ILS3014	ILS0000	0.9	7	1083	350	50
178	Banana Caramel Squares 200g	ILS40	ILS46	0.95	3	166	200	50
179	Grape Gummi Bears 500g	ILS40	ILS46	0.97	1	0	100	50
180	Lemon Sky Bar 100g	ILS40	ILS46	0.97	1	0	30	10
181	Orange Caramels 200g	ILS40	ILS46	0.9	7	1661	350	50
182	Orange Tootsie Roll 200g	ILS26	ILS2600	0.9	7	1542	250	50
183	Orange Peach Blossoms 500g	ILS3002	ILS40	0.95	3	362	150	50
184	Banana Gummi Cherries 100g	ILS40	ILS46	0.97	1	0	100	50
185	Blueberry Gummi Cherries 100g			0.95	3	384	350	50
186	Watermelon Boston Fruit Slices 100g	ILS40	ILS46	0.95	3	491	60	10
187	Grape Jawbreaker 500g	ILS3014	ILS0000	0.9	7	1049	410	10
188	Lemon Gummi Fish 100g	ILS40	ILS46	0.95	3	106	190	10
189	Orange Bit-o-Honey 200g	ILS3002	ILS0006	0.95	3	31	380	20
190	Cherry Caramel Creams 100g	ILS40	ILS46	0.97	1	0	40	20
191	Orange Gummi Bears 500g	ILS40	ILS46	0.9	7	1257	650	50
192	Apple Dum Dum Pops 200g	ILS3014	ILS0000	0.97	1	0	60	10
193	Cherry Sweethearts 200g	ILS3014	ILS0000	0.9	7	603	300	50
194	Blackberry Sour Patch Kids 200g	ILS3014	ILS0000	0.9	7	527	1450	50
195	Grape Caramels 500g	ILS3002	ILS60	0.97	1	0	50	50
196	Banana Bit-O-Honey 500g	ILS26	ILS2600	0.95	3	492	60	20
197	Cherry Tootsie Roll 500g	ILS60	ILS66	0.9	7	855	180	20
198	Blueberry Caramel Squares 200g	ILS40	ILS46	0.97	1	0	30	10
199	Apple U-No Bar 200g	ILS26	ILS2600	0.97	1	0	50	50
200	Cherry Sky Bar 500g	ILS40	ILS46	0.97	1	0	10	10
201	Cherry Stick Candy 100g	ILS40	ILS48	0.97	1	0	50	10
202	Blueberry Warheads 100g	ILS3002	ILS0006	0.9	7	1505	100	50
203	Banana Candy canes 500g	ILS3002	ILS40	0.9	7	529	1450	50
204	Blackberry Gummi Bears 200g	ILS40	ILS46	0.9	7	1312	120	10
205	Grape Saf-T-Pops 100g	ILS3002	ILS3006	0.97	1	0	50	10
206	Blueberry Candy canes 500g	ILS3002	ILS0006	0.95	3	472	20	20
207	Cherry Jawbreaker 100g	ILS3002	ILS3006	0.9	7	659	1340	20
208	Raspberry Caramel Creams 500g	ILS3002		0.97	1	0	30	10
209	Blackberry Sweethearts 500g	ILS60	ILS66	0.95	3	340	20	10
210	Orange Smarties 500g	ILS3014	ILS0000	0.95	3	371	200	20
211	Lemon Candy Sticks 500g	ILS40	ILS42	0.97	1	0	60	20
212	Cherry U-No Bar 200g	ILS3002	ILS40	0.97	1	0	40	10
213	Raspberry Look! 500g	ILS40	ILS46	0.97	1	0	80	20
214	Banana Peach Blossoms 100g	ILS40	ILS42	0.9	7	941	150	50
215	Blackberry Bit-O-Honey 100g	ILS3006	ILS0000	0.9	7	1521	220	20
216	Lemon Candy canes 200g	ILS40	ILS46	0.95	3	482	200	50
217	Strawberry Gummi Worms 500g	ILS40	ILS46	0.97	1	0	50	50
218	Cherry Saf-T-Pops 200g	ILS40	ILS46	0.97	1	0	40	10
219	Banana Bit-o-Honey 100g	ILS40	ILS46	0.95	3	174	190	10
220	Orange Chupa Chups 200g	ILS3002	ILS3014	0.97	1	0	40	20
221	Blackberry Lollipop 500g	ILS40	ILS48	0.9	7	1377	500	10
222	Lemon Abba-Zaba 500g	ILS3002		0.9	7	0	480	10
223	Banana Rocky Road 100g	ILS60	ILS66	0.97	1	0	40	20
224	Apple Chupa Chups 200g	ILS40	ILS46	0.97	1	0	20	10
225	Cherry Abba-Zaba 100g	ILS3014	ILS0000	0.97	1	0	80	10
226	Blackberry Black Jacks 100g	ILS40	ILS46	0.9	7	0	700	50
227	Raspberry Peach Blossoms 200g	ILS3002	ILS40	0.9	7	1205	450	50
228	Grape Candy canes 100g	ILS40	ILS48	0.9	7	817	50	10
229	Blueberry Sour Patch Kids 500g	ILS40	ILS46	0.97	1	0	50	10
230	Blueberry Dum Dum Pops 500g	ILS40	ILS42	0.97	1	0	10	10
231	Orange Gummi Cherries 100g	ILS60	ILS66	0.95	3	527	50	10
232	Raspberry Sugar Daddy 100g	ILS3002	ILS40	0.97	1	0	40	10
233	Strawberry Gummi Worms 200g	ILS40	ILS42	0.9	7	1745	100	20
234	Lemon Gummi Cherries 100g	ILS40	ILS46	0.9	7	131	50	50
235	Banana Sour Punch Straws 500g	ILS40	ILS46	0.9	7	865	180	20
236	Banana Caramel Creams 200g	ILS60	ILS66	0.9	7	505	280	10
237	Apple Sweethearts 100g	ILS40	ILS46	0.95	3	455	220	20
238	Banana Sour Patch Kids 500g	ILS40	ILS46	0.95	3	299	120	20
239	Strawberry Peach Blossoms 100g	ILS40	ILS48	0.95	3	43	400	50
240	Lemon Look! 500g	ILS40	ILS46	0.95	3	437	140	20
241	Watermelon U-No Bar 200g	ILS3006	ILS0000	0.9	7	161	800	50
242	Blackberry Chupa Chups 100g			0.97	1	0	20	20
243	Cherry Sky Bar 200g	ILS3014	ILS0000	0.97	1	0	50	50
244	Raspberry Jawbreaker 200g	ILS3002		0.9	7	1220	660	20
245	Blackberry Sour Punch Straws 200g	ILS40	ILS46	0.97	1	0	20	20
246	Cherry Candy canes 500g	ILS3014	ILS0000	0.97	1	0	20	20
247	Banana Sour Patch Kids 100g	ILS3002		0.9	7	670	450	50
248	Blackberry Sour Punch Straws 500g	ILS3006	ILS0000	0.9	7	1084	880	20
249	Cherry Rocky Road 200g	ILS3002	ILS40	0.97	1	0	50	10
250	Cherry Big Hunk 200g	ILS40	ILS46	0.97	1	0	60	10
251	Watermelon Saf-T-Pops 200g	ILS40	ILS46	0.9	7	0	950	50
252	Apple Gummi Bears 100g	ILS40	ILS46	0.9	7	373	1250	50
253	Orange Candy Sticks 500g	ILS40	ILS46	0.9	7	331	1100	10
254	Blueberry Chupa Chups 500g	ILS40	ILS42	0.9	7	1236	970	10
255	Lemon Big Hunk 200g	ILS40	ILS46	0.97	1	0	70	10
256	Grape Sour Patch Kids 500g	ILS3014	ILS0000	0.9	7	657	280	10
257	Blackberry Black Jacks 200g	ILS3006	ILS0000	0.97	1	0	30	10
258	Orange U-No Bar 100g	ILS40	ILS46	0.97	1	0	20	20
259	Grape Sugar Daddy 200g	ILS40	ILS46	0.97	1	0	20	10
260	Watermelon Peach Blossoms 500g			0.97	1	0	50	50
261	Orange Sour Patch Kids 100g	ILS40	ILS4024	0.95	3	85	480	20
262	Watermelon Bit-O-Honey 500g	ILS3014	ILS0000	0.97	1	0	40	20
263	Watermelon Jawbreaker 100g	ILS3002		0.97	1	0	50	50
264	Cherry Big Hunk 500g	ILS26	ILS2600	0.9	7	1156	620	10
265	Orange Bit-O-Honey 500g	ILS3014	ILS0000	0.95	3	156	200	20
266	Watermelon Toxic Waste 200g	ILS3014	ILS0000	0.97	1	0	40	20
267	Orange Toxic Waste 100g	ILS40	ILS46	0.95	3	476	190	10
268	Lemon Caramel Creams 500g	ILS40	ILS42	0.9	7	986	880	20
269	Strawberry Caramel Squares 100g	ILS60	ILS66	0.97	1	0	30	10
270	Apple Jawbreaker 500g	ILS40	ILS42	0.97	1	0	60	20
271	Blackberry Boston Fruit Slices 500g	ILS60	ILS66	0.9	7	1635	560	20
272	Banana Black Jacks 100g	ILS40	ILS42	0.9	7	1277	820	10
273	Orange Tootsie Roll 100g	ILS60	ILS66	0.9	7	18	550	50
274	Apple Caramels 200g	ILS40	ILS46	0.9	7	1394	580	20
275	Lemon Warheads 100g	ILS40	ILS42	0.97	1	5	50	50
276	Blueberry Toxic Waste 100g	ILS3014	ILS0000	0.97	1	0	60	20
277	Orange Big Hunk 500g	ILS3002	ILS0006	0.95	3	121	400	50
278	Banana Black Jacks 200g	ILS40	ILS46	0.95	3	102	150	50
279	Lemon Rocky Road 500g	ILS40	ILS42	0.97	1	0	20	20
280	Lemon Chupa Chups 200g	ILS3002		0.95	3	474	20	10
281	Orange Caramel Squares 500g	ILS40	ILS46	0.97	1	0	60	10
282	Watermelon Caramels 100g	ILS40	ILS42	0.95	3	256	50	50
283	Strawberry Dum Dum Pops 500g	ILS40	ILS4024	0.95	3	465	80	10
284	Orange Black Jacks 200g	ILS3002	ILS40	0.9	7	1032	60	20
285	Cherry Candy Sticks 100g	ILS40	ILS48	0.97	1	0	100	50
286	Raspberry Candy Sticks 100g	ILS3002	ILS40	0.97	1	0	50	10
287	Strawberry Sweethearts 200g	ILS3002		0.9	7	723	320	20
288	Grape Abba-Zaba 100g	ILS40	ILS46	0.95	3	253	220	20
289	Grape Stick Candy 100g	ILS3006	ILS0000	0.97	1	0	50	50
290	Orange Smarties 200g	ILS3002		0.97	1	0	40	20
291	Blueberry Look! 100g	ILS40	ILS46	0.97	1	0	20	20
292	Strawberry Chupa Chups 500g	ILS26	ILS2600	0.95	3	478	20	20
293	Banana Bit-o-Honey 200g	ILS40	ILS42	0.97	1	0	20	10
294	Orange Smarties 100g	ILS3002	ILS26	0.9	7	979	50	10
295	Grape Sweethearts 500g			0.9	7	1195	300	20
296	Cherry Caramel Squares 500g	ILS40	ILS46	0.95	3	134	150	50
297	Blackberry Candy canes 200g	ILS60	ILS66	0.97	1	0	50	10
298	Cherry Jawbreaker 500g	ILS40	ILS48	0.97	1	0	40	20
299	Grape Sweethearts 200g	ILS3014	ILS0000	0.95	3	329	200	50
300	Grape Sky Bar 500g	ILS40	ILS46	0.97	1	0	70	10
301	Cherry Black Jacks 500g	ILS40	ILS42	0.97	1	0	50	50
302	Apple U-No Bar 100g	ILS3002	ILS3014	0.95	3	495	150	50
303	Apple Sugar Daddy 200g	ILS3002	ILS40	0.9	7	1290	300	50
304	Grape Black Jacks 200g	ILS40	ILS42	0.9	7	861	400	50
305	Lemon Big Hunk 100g	ILS3014	ILS0000	0.9	7	1396	100	20
306	Watermelon Peach Blossoms 200g	ILS60	ILS66	0.95	3	485	50	10
307	Orange Warheads 100g	ILS3002	ILS40	0.97	1	0	60	10
308	Apple Big Hunk 100g	ILS40	ILS46	0.97	1	0	30	10
309	Raspberry U-No Bar 200g	ILS60	ILS66	0.97	1	0	100	50
310	Apple Gummi Worms 200g	ILS40	ILS46	0.97	1	0	100	50
311	Cherry Black Jacks 100g	ILS3002	ILS3014	0.95	3	100	300	20
312	Apple Smarties 100g	ILS26	ILS2600	0.95	3	244	40	20
313	Blackberry Candy Sticks 500g	ILS40	ILS46	0.95	3	284	120	20
314	Strawberry Sky Bar 500g	ILS3014	ILS0000	0.95	3	68	400	20
315	Grape Sour Punch Straws 500g	ILS3002	ILS3006	0.95	3	274	200	50
316	Blueberry Sweethearts 100g	ILS40	ILS46	0.97	1	0	70	10
317	Lemon Gummi Bears 100g	ILS40	ILS42	0.9	7	1063	600	10
318	Orange Stick Candy 200g	ILS3002		0.95	3	471	100	10
319	Cherry Rocky Road 500g	ILS3002	ILS40	0.97	1	0	20	10
320	Orange Tootsie Roll 500g	ILS40	ILS4024	0.97	1	0	80	10
321	Watermelon Gummi Worms 500g	ILS60	ILS66	0.97	1	0	50	50
322	Grape Abba-Zaba 500g	ILS3014	ILS0000	0.97	1	0	80	20
323	Strawberry Gummi Worms 100g	ILS3002	ILS40	0.9	7	343	950	50
324	Blackberry Caramel Squares 500g	ILS60	ILS66	0.95	3	398	210	10
325	Lemon Caramel Squares 200g	ILS3002	ILS40	0.97	1	0	30	10
326	Raspberry Dum Dum Pops 500g	ILS40	ILS48	0.97	1	0	80	10
327	Cherry Sour Punch Straws 200g	ILS3002		0.9	7	280	100	50
328	Grape Caramel Creams 200g	ILS3002		0.95	3	320	20	10
329	Blueberry Abba-Zaba 100g	ILS40	ILS46	0.95	3	326	290	10
330	Watermelon Stick Candy 100g	ILS26	ILS2600	0.97	1	0	100	50
331	Strawberry Gummi Cherries 100g	ILS40	ILS42	0.9	7	1377	300	50
332	Blueberry Peach Blossoms 500g	ILS40	ILS46	0.9	7	112	860	20
333	Banana Candy canes 200g	ILS3006	ILS0000	0.97	1	0	20	10
334	Cherry U-No Bar 100g	ILS40	ILS46	0.97	1	0	20	20
335	Grape Bit-O-Honey 200g	ILS40	ILS46	0.9	7	368	50	10
336	Watermelon Gummi Cherries 100g	ILS40	ILS42	0.9	7	1707	400	50
337	Blueberry Peach Blossoms 200g	ILS40	ILS48	0.97	1	0	40	10
338	Blackberry Abba-Zaba 100g	ILS40	ILS42	0.97	1	0	60	20
339	Lemon Rocky Road 100g			0.9	7	755	900	50
340	Cherry Gummi Cherries 200g	ILS3002	ILS3014	0.9	7	1029	860	20
341	Cherry Warheads 200g	ILS3002	ILS0006	0.97	1	0	50	10
342	Strawberry Dum Dum Pops 200g	ILS40	ILS46	0.9	7	1267	780	20
343	Grape U-No Bar 100g	ILS3014	ILS0000	0.95	3	157	470	10
344	Watermelon Caramel Squares 500g	ILS26	ILS2600	0.97	1	0	20	20
345	Apple Gummi Fish 500g	ILS40	ILS46	0.9	7	1396	720	20
346	Watermelon Look! 100g	ILS40	ILS46	0.97	1	0	50	50
347	Watermelon Sugar Daddy 200g			0.9	7	1450	250	50
348	Strawberry Bit-o-Honey 100g			0.97	1	0	30	10
349	Grape Stick Candy 200g	ILS40	ILS48	0.9	7	1399	260	20
350	Apple Smarties 200g	ILS3014	ILS0000	0.95	3	391	250	50
351	Blueberry Look! 500g			0.95	3	264	360	10
352	Orange Sky Bar 100g	ILS3006	ILS0000	0.9	7	1325	780	10
353	Cherry Gummi Cherries 100g	ILS40	ILS46	0.95	3	237	420	20
354	Blackberry Tootsie Roll 100g	ILS40	ILS46	0.97	1	0	40	10
355	Blueberry Black Jacks 200g	ILS3006	ILS0000	0.9	7	116	850	50
356	Watermelon U-No Bar 500g	ILS2002	ILS0000	0.9	7	816	100	20
357	Banana Toxic Waste 500g	ILS3006	ILS0000	0.97	1	0	20	20
358	Blackberry Gummi Worms 200g	ILS40	ILS46	0.95	3	341	20	10
359	Cherry Sour Patch Kids 100g	ILS40	ILS46	0.9	7	671	50	50
360	Lemon Candy canes 100g	ILS26	ILS2600	0.95	3	444	190	10
361	Cherry Caramels 500g	ILS3002		0.95	3	320	100	50
362	Apple Big Hunk 200g	ILS40	ILS46	0.9	7	1493	330	10
363	Lemon Candy Sticks 200g	ILS40	ILS46	0.97	1	0	70	10
364	Blueberry Dum Dum Pops 100g	ILS40	ILS46	0.97	1	0	20	10
365	Apple Sky Bar 500g	ILS40	ILS46	0.95	3	96	520	20
366	Grape Look! 200g	ILS3014	ILS0000	0.97	1	0	50	50
367	Lemon Caramel Creams 200g	ILS40	ILS4024	0.97	1	0	60	20
368	Blackberry Caramel Squares 200g	ILS40	ILS42	0.9	7	536	320	10
369	Watermelon Gummi Bears 500g	ILS3006	ILS0000	0.95	3	39	50	50
370	Cherry Candy canes 200g	ILS40	ILS46	0.9	7	14	500	50
371	Blackberry Sour Punch Straws 100g	ILS60	ILS66	0.95	3	394	200	50
372	Orange Sugar Daddy 200g	ILS40	ILS46	0.97	1	0	50	50
373	Raspberry Warheads 200g	ILS40	ILS46	0.95	3	179	210	10
374	Cherry Sour Patch Kids 200g	ILS40	ILS46	0.97	1	0	40	20
375	Banana Caramel Squares 500g	ILS40	ILS46	0.95	3	449	110	10
376	Blueberry Black Jacks 100g	ILS40	ILS46	0.95	3	120	250	50
377	Strawberry U-No Bar 500g	ILS40	ILS46	0.9	7	397	500	10
378	Banana Jawbreaker 500g	ILS3006	ILS0000	0.97	1	0	0	50
379	Orange Big Hunk 200g	ILS3002	ILS40	0.97	1	0	20	20
380	Apple Gummi Worms 100g	ILS3014	ILS0000	0.9	7	1157	240	20
381	Orange Jawbreaker 100g			0.97	1	0	100	20
382	Strawberry Sugar Daddy 200g	ILS40	ILS46	0.95	3	344	50	10
383	Apple Gummi Cherries 100g	ILS40	ILS42	0.97	1	0	50	50
384	Orange Abba-Zaba 200g	ILS3002	ILS0006	0.95	3	259	320	20
385	Strawberry Chupa Chups 200g	ILS26	ILS2600	0.97	1	0	100	50
386	Watermelon Candy canes 100g	ILS40	ILS46	0.97	1	0	10	10
387	Watermelon Dum Dum Pops 200g	ILS40	ILS46	0.95	3	223	400	10
388	Grape Toxic Waste 500g	ILS60	ILS66	0.9	7	1025	530	10
389	Cherry Caramel Squares 100g	ILS40	ILS46	0.97	1	0	60	20
390	Apple Big Hunk 500g	ILS40	ILS46	0.95	3	210	20	20
391	Banana Caramel Creams 100g	ILS3002	ILS40	0.95	3	185	220	10
392	Grape Dum Dum Pops 500g	ILS3014	ILS0000	0.95	3	503	100	10
393	Orange Gummi Worms 500g	ILS60	ILS66	0.9	7	1417	440	20
394	Strawberry Saf-T-Pops 100g	ILS60	ILS66	0.97	1	0	50	10
395	Lemon Lollipop 100g	ILS40	ILS42	0.97	1	0	40	20
396	Blackberry Caramel Creams 500g	ILS60	ILS66	0.95	3	555	80	20
397	Apple Saf-T-Pops 500g	ILS3002	ILS3014	0.9	7	1334	320	10
398	Banana Stick Candy 100g	ILS40	ILS46	0.97	1	0	40	10
399	Orange Gummi Bears 200g			0.97	1	0	60	20
400	Watermelon Sweethearts 200g	ILS40	ILS48	0.95	3	127	340	20
401	Blackberry Gummi Worms 500g	ILS3002		0.97	1	0	80	20
402	Lemon Gummi Worms 200g	ILS3002		0.95	3	260	380	20
403	Grape Look! 500g	ILS3006	ILS0000	0.9	7	1031	160	20
404	Banana Lollipop 500g	ILS40	ILS46	0.95	3	210	420	20
405	Cherry Sugar Daddy 500g	ILS60	ILS66	0.97	1	0	50	10
406	Lemon Dum Dum Pops 200g	ILS40	ILS48	0.9	7	562	1360	20
407	Lemon Stick Candy 200g	ILS40	ILS46	0.97	1	0	50	10
408	Orange Black Jacks 500g	ILS40	ILS46	0.97	1	0	40	20
409	Blackberry Warheads 100g	ILS26	ILS2600	0.97	1	0	20	20
410	Banana Smarties 100g	ILS40	ILS48	0.9	7	787	1120	10
411	Watermelon Boston Fruit Slices 500g	ILS3006	ILS0000	0.95	3	173	220	20
412	Orange Warheads 500g	ILS40	ILS46	0.97	1	0	70	10
413	Banana Stick Candy 200g			0.95	3	115	50	50
414	Blueberry Gummi Fish 500g	ILS40	ILS46	0.95	3	456	100	20
415	Blackberry Gummi Worms 100g	ILS60	ILS66	0.9	7	785	510	10
416	Grape Bit-O-Honey 500g	ILS40	ILS4024	0.9	7	666	500	50
417	Blueberry Sour Punch Straws 200g	ILS60	ILS66	0.95	3	192	100	20
418	Blueberry Gummi Worms 500g	ILS40	ILS46	0.95	3	330	340	10
419	Blueberry Candy Sticks 500g	ILS60	ILS66	0.95	3	561	200	50
420	Cherry Toxic Waste 200g	ILS3002		0.97	1	0	40	20
421	Strawberry Sugar Daddy 100g			0.95	3	571	240	20
422	Banana Candy Sticks 200g	ILS3002		0.97	1	0	70	10
423	Watermelon Smarties 500g	ILS40	ILS42	0.97	1	0	20	20
424	Cherry Sweethearts 500g	ILS40	ILS46	0.97	1	0	100	50
425	Watermelon Tootsie Roll 500g	ILS40	ILS42	0.95	3	444	200	50
426	Blackberry Lollipop 100g	ILS40	ILS48	0.95	3	488	140	20
427	Raspberry Caramel Squares 500g	ILS26	ILS2600	0.95	3	115	150	50
428	Strawberry Candy Sticks 500g	ILS3002		0.95	3	220	350	50
429	Blackberry Saf-T-Pops 500g	ILS3014	ILS0000	0.97	1	0	50	50
430	Apple Dum Dum Pops 100g	ILS3002		0.97	1	0	80	20
431	Blueberry Gummi Worms 200g	ILS40	ILS46	0.9	7	1210	120	10
432	Watermelon Warheads 200g	ILS60	ILS66	0.9	7	657	1420	20
433	Banana U-No Bar 200g	ILS40	ILS46	0.97	1	0	0	20
434	Orange Dum Dum Pops 100g			0.95	3	397	250	50
435	Grape Boston Fruit Slices 100g	ILS40	ILS42	0.9	7	1138	380	10
436	Grape Rocky Road 500g	ILS40	ILS46	0.97	1	0	70	10
437	Orange Dum Dum Pops 500g	ILS60	ILS66	0.9	7	500	670	10
438	Lemon Caramels 200g	ILS3002	ILS0006	0.9	7	1016	40	10
439	Watermelon Stick Candy 500g	ILS40	ILS46	0.95	3	185	370	10
440	Watermelon Sky Bar 500g	ILS60	ILS66	0.9	7	0	100	10
441	Strawberry Look! 500g	ILS3002		0.9	7	590	1330	10
442	Watermelon Abba-Zaba 200g	ILS40	ILS46	0.97	1	0	40	20
443	Blueberry Jawbreaker 200g	ILS3014	ILS0000	0.95	3	355	250	50
444	Raspberry Bit-o-Honey 500g	ILS40	ILS48	0.9	7	1423	500	50
445	Strawberry Big Hunk 500g	ILS40	ILS46	0.95	3	429	150	50
446	Banana Bit-o-Honey 500g	ILS40	ILS4004	0.97	1	0	80	20
447	Blackberry Bit-o-Honey 100g	ILS60	ILS66	0.95	3	457	160	20
448	Blackberry Look! 100g	ILS40	ILS4004	0.9	7	1585	550	50
449	Apple Gummi Worms 500g			0.9	7	615	1500	50
450	Orange Candy canes 500g	ILS40	ILS46	0.97	1	0	10	10
451	Apple Lollipop 500g	ILS40	ILS4004	0.97	1	0	50	10
452	Blueberry Gummi Bears 200g	ILS3002		0.97	1	0	50	50
453	Blackberry Candy canes 500g	ILS40	ILS46	0.9	7	735	900	50
454	Banana Toxic Waste 200g	ILS3006	ILS0000	0.97	1	0	70	10
455	Raspberry Look! 200g	ILS40	ILS48	0.97	1	0	30	10
456	Watermelon Gummi Bears 200g	ILS60	ILS66	0.9	7	1312	250	10
457	Blueberry Gummi Worms 100g	ILS40	ILS46	0.97	1	0	80	20
458	Apple Sour Punch Straws 100g	ILS3006	ILS0000	0.97	1	0	50	50
459	Grape Stick Candy 500g	ILS40	ILS42	0.9	7	1280	1000	50
460	Orange Candy canes 200g	ILS40	ILS46	0.9	7	0	700	50
461	Lemon Candy canes 500g	ILS40	ILS48	0.9	7	810	1140	20
462	Grape Candy canes 200g	ILS3002		0.9	7	965	1020	20
463	Cherry Gummi Worms 200g	ILS40	ILS46	0.9	7	0	700	20
464	Orange Candy Sticks 100g	ILS40	ILS46	0.9	7	0	100	10
465	Banana Peach Blossoms 500g	ILS60	ILS66	0.97	1	0	50	10
466	Orange Saf-T-Pops 100g	ILS2002	ILS0000	0.9	7	750	640	20
467	Watermelon Caramel Creams 500g	ILS3006	ILS0000	0.9	7	388	1260	20
468	Blackberry U-No Bar 100g			0.95	3	428	220	20
469	Strawberry Gummi Fish 100g	ILS3002		0.9	7	1311	250	10
470	Orange Sugar Daddy 100g	ILS60	ILS66	0.95	3	429	260	20
471	Raspberry Gummi Worms 100g	ILS40	ILS48	0.9	7	577	240	20
472	Banana Sugar Daddy 100g	ILS40	ILS46	0.95	3	210	350	50
473	Watermelon Big Hunk 200g	ILS40	ILS46	0.95	3	312	50	50
474	Watermelon Jawbreaker 200g	ILS40	ILS46	0.97	1	0	40	10
475	Banana Tootsie Roll 200g	ILS40	ILS42	0.9	7	1354	760	20
476	Raspberry Toxic Waste 500g	ILS40	ILS46	0.9	7	839	700	50
477	Orange Look! 200g	ILS60	ILS66	0.97	1	0	70	10
478	Strawberry Rocky Road 500g	ILS3002	ILS26	0.9	7	1286	580	10
479	Grape Saf-T-Pops 200g	ILS40	ILS46	0.9	7	263	280	10
480	Lemon Sour Patch Kids 200g	ILS40	ILS42	0.97	1	0	10	10
481	Banana Sky Bar 200g	ILS26	ILS2600	0.95	3	500	100	50
482	Watermelon Gummi Worms 100g	ILS3002	ILS3006	0.95	3	257	400	50
483	Strawberry Abba-Zaba 200g	ILS40	ILS46	0.97	1	0	100	50
484	Watermelon Bit-o-Honey 200g	ILS40	ILS46	0.97	1	0	30	10
485	Strawberry Sugar Daddy 500g	ILS3014	ILS0000	0.95	3	373	40	20
486	Strawberry Smarties 100g	ILS40	ILS42	0.97	1	0	10	10
487	Orange Caramels 500g	ILS3014	ILS0000	0.97	1	0	100	50
488	Lemon Gummi Cherries 500g	ILS26	ILS2600	0.95	3	424	50	50
489	Grape Sour Patch Kids 200g			0.97	1	0	50	10
490	Raspberry Peach Blossoms 500g	ILS40	ILS46	0.9	7	975	1160	20
491	Banana Toxic Waste 100g	ILS60	ILS66	0.9	7	0	60	20
492	Apple Look! 100g	ILS40	ILS46	0.95	3	242	320	10
493	Blueberry Abba-Zaba 200g	ILS60	ILS66	0.9	7	0	750	50
494	Raspberry Candy Sticks 500g	ILS60	ILS66	0.97	1	0	100	50
495	Orange Toxic Waste 500g	ILS40	ILS42	0.9	7	1868	200	50
496	Strawberry Sour Punch Straws 500g	ILS2002	ILS0000	0.9	7	636	1480	20
497	Lemon Sour Patch Kids 500g	ILS3002		0.97	1	0	100	50
498	Banana Lollipop 200g	ILS3002	ILS3014	0.95	3	390	200	50
499	Strawberry Stick Candy 500g	ILS3006	ILS0000	0.97	1	0	70	10
500	Cherry Chupa Chups 500g	ILS3014	ILS0000	0.97	1	0	40	20
501	Raspberry Saf-T-Pops 500g	ILS2002	ILS0000	0.9	7	924	160	20
502	Watermelon Gummi Worms 200g	ILS3002	ILS40	0.9	7	1034	100	50
503	Orange Toxic Waste 200g	ILS3014	ILS0000	0.97	1	0	60	10
504	Blackberry Rocky Road 200g	ILS3006	ILS0000	0.97	1	0	60	20
505	Grape Lollipop 500g	ILS3006	ILS0000	0.9	7	1521	420	20
506	Blueberry Tootsie Roll 100g	ILS40	ILS4004	0.97	1	0	10	10
507	Orange Sweethearts 200g	ILS3014	ILS0000	0.9	7	985	400	50
508	Strawberry Gummi Bears 200g	ILS40	ILS46	0.9	7	724	560	20
509	Banana Sky Bar 500g	ILS3014	ILS0000	0.9	7	0	350	10
510	Blueberry Gummi Fish 100g	ILS40	ILS4024	0.97	1	0	40	10
511	Banana Gummi Fish 200g	ILS3006	ILS0000	0.95	3	346	250	50
512	Blackberry Stick Candy 100g	ILS40	ILS46	0.97	1	0	20	20
513	Blackberry Jawbreaker 100g	ILS60	ILS66	0.97	1	0	50	50
514	Blackberry Rocky Road 100g	ILS60	ILS66	0.95	3	453	100	10
515	Raspberry Stick Candy 200g	ILS3002	ILS0006	0.9	7	1383	370	10
516	Apple Jawbreaker 100g	ILS40	ILS4024	0.95	3	257	50	10
517	Blueberry Warheads 200g	ILS3002	ILS0006	0.97	1	0	50	50
518	Watermelon Jawbreaker 500g	ILS40	ILS46	0.97	1	0	50	50
519	Grape Toxic Waste 200g	ILS40	ILS42	0.95	3	138	240	10
520	Orange Bit-O-Honey 100g	ILS3006	ILS0000	0.95	3	243	400	50
521	Grape Gummi Cherries 100g	ILS40	ILS46	0.97	1	0	40	20
522	Cherry Stick Candy 200g	ILS40	ILS46	0.97	1	0	10	10
523	Watermelon Candy canes 200g	ILS40	ILS4004	0.9	7	635	850	50
524	Blackberry Sour Patch Kids 100g	ILS3014	ILS0000	0.97	1	0	60	20
525	Blueberry Abba-Zaba 500g	ILS60	ILS66	0.97	1	0	40	20
526	Apple Candy canes 500g	ILS40	ILS46	0.95	3	358	150	50
527	Strawberry Sour Punch Straws 100g	ILS3006	ILS0000	0.95	3	474	50	50
528	Lemon Abba-Zaba 200g	ILS3006	ILS0000	0.97	1	0	50	10
529	Watermelon Dum Dum Pops 500g	ILS3014	ILS0000	0.97	1	0	60	20
530	Cherry Lollipop 100g	ILS3002	ILS40	0.97	1	0	80	20
531	Apple Lollipop 100g	ILS3014	ILS0000	0.9	7	1543	260	20
532	Watermelon Big Hunk 500g	ILS3014	ILS0000	0.97	1	0	50	50
533	Watermelon Saf-T-Pops 500g			0.9	7	427	800	50
534	Lemon Candy Sticks 100g	ILS3002	ILS40	0.95	3	417	200	20
535	Lemon Lollipop 200g	ILS3014	ILS0000	0.97	1	0	60	20
536	Watermelon Black Jacks 500g	ILS3014	ILS0000	0.97	1	0	80	20
537	Orange Caramel Creams 200g	ILS3006	ILS0000	0.9	7	346	150	50
538	Blackberry Boston Fruit Slices 200g	ILS40	ILS46	0.9	7	584	760	10
539	Blueberry Candy Sticks 200g	ILS3002		0.97	1	0	50	50
540	Raspberry Bit-O-Honey 200g	ILS60	ILS66	0.9	7	624	900	50
541	Blackberry Tootsie Roll 500g	ILS3014	ILS0000	0.95	3	310	140	10
542	Blueberry Sky Bar 200g	ILS40	ILS4004	0.95	3	379	50	50
543	Orange Candy canes 100g	ILS3006	ILS0000	0.9	7	695	190	10
544	Raspberry Gummi Worms 200g	ILS3006	ILS0000	0.9	7	0	460	10
545	Watermelon Dum Dum Pops 100g			0.95	3	475	200	50
546	Apple Gummi Bears 500g	ILS60	ILS66	0.95	3	95	80	10
547	Apple Rocky Road 100g	ILS40	ILS46	0.95	3	502	120	20
548	Cherry Boston Fruit Slices 200g	ILS3014	ILS0000	0.95	3	192	150	50
549	Watermelon Tootsie Roll 100g	ILS3006	ILS0000	0.9	7	1610	100	20
550	Watermelon Warheads 100g	ILS40	ILS46	0.97	1	0	20	10
551	Raspberry Lollipop 500g	ILS3006	ILS0000	0.95	3	73	20	20
552	Orange Saf-T-Pops 500g	ILS40	ILS4004	0.95	3	315	300	50
553	Raspberry Chupa Chups 500g	ILS40	ILS4004	0.95	3	215	0	20
554	Blueberry Tootsie Roll 200g			0.95	3	379	150	50
555	Strawberry Bit-o-Honey 500g	ILS60	ILS66	0.9	7	344	250	50
556	Blueberry Jawbreaker 100g	ILS60	ILS66	0.95	3	395	160	20
557	Cherry Look! 200g	ILS3002	ILS40	0.9	7	954	550	50
558	Strawberry Candy Sticks 100g	ILS3014	ILS0000	0.95	3	350	260	20
559	Banana Candy Sticks 500g			0.9	7	1551	600	50
560	Apple Peach Blossoms 200g			0.95	3	456	60	10
561	Cherry Jawbreaker 200g	ILS3014	ILS0000	0.9	7	1546	50	50
562	Raspberry Sour Patch Kids 100g	ILS3014	ILS0000	0.97	1	0	0	50
563	Cherry Peach Blossoms 100g	ILS3002	ILS40	0.97	1	0	80	20
564	Strawberry Big Hunk 200g	ILS40	ILS46	0.9	7	541	310	10
565	Cherry Gummi Worms 500g	ILS40	ILS46	0.97	1	0	50	10
566	Blackberry Chupa Chups 200g	ILS60	ILS66	0.97	1	0	20	20
567	Watermelon Look! 500g	ILS3014	ILS0000	0.97	1	0	50	10
568	Watermelon Candy Sticks 500g	ILS3014	ILS0000	0.9	7	1133	240	20
569	Watermelon Peach Blossoms 100g	ILS3002	ILS40	0.97	1	0	50	50
570	Apple Black Jacks 200g	ILS3006	ILS0000	0.9	7	1686	60	10
571	Orange Saf-T-Pops 200g	ILS60	ILS66	0.97	1	0	30	10
572	Apple Sour Patch Kids 200g	ILS3014	ILS0000	0.97	1	0	50	50
573	Orange Candy Sticks 200g			0.95	3	46	40	20
574	Banana U-No Bar 100g	ILS3014	ILS0000	0.97	1	0	20	10
575	Grape Candy Sticks 500g	ILS26	ILS2600	0.9	7	906	800	50
576	Strawberry Gummi Fish 500g	ILS3014	ILS0000	0.97	1	0	40	10
577	Apple Candy Sticks 500g	ILS40	ILS4004	0.97	1	0	10	10
578	Apple Jawbreaker 200g	ILS3014	ILS0000	0.95	3	601	100	50
579	Cherry Lollipop 500g	ILS40	ILS46	0.9	7	1230	620	20
580	Lemon Sour Punch Straws 200g	ILS40	ILS46	0.95	3	465	100	50
581	Watermelon Warheads 500g	ILS3006	ILS0000	0.97	1	0	20	20
582	Strawberry Toxic Waste 500g	ILS3002		0.95	3	460	150	50
583	Raspberry Bit-o-Honey 100g	ILS40	ILS46	0.97	1	0	50	50
584	Apple Boston Fruit Slices 500g	ILS40	ILS46	0.9	7	1653	160	20
585	Blueberry Boston Fruit Slices 500g	ILS3002		0.9	7	619	50	10
586	Blackberry Toxic Waste 200g	ILS60	ILS66	0.9	7	0	820	20
587	Lemon Sugar Daddy 500g			0.97	1	0	100	20
588	Orange Abba-Zaba 100g	ILS40	ILS46	0.97	1	0	60	10
589	Raspberry U-No Bar 100g	ILS3014	ILS0000	0.9	7	1200	150	50
590	Orange Boston Fruit Slices 200g	ILS3006	ILS0000	0.95	3	441	150	50
591	Banana Abba-Zaba 500g			0.9	7	919	780	20
592	Banana Sour Punch Straws 200g	ILS40	ILS46	0.95	3	139	300	50
593	Apple Sky Bar 200g	ILS3002		0.95	3	149	350	10
594	Watermelon Gummi Fish 500g	ILS40	ILS46	0.9	7	1350	800	10
595	Strawberry Caramel Creams 200g	ILS40	ILS4024	0.9	7	964	320	20
596	Orange Bit-o-Honey 500g	ILS3006	ILS0000	0.97	1	0	50	50
597	Strawberry Caramels 500g	ILS3014	ILS0000	0.95	3	471	100	20
598	Banana Saf-T-Pops 500g	ILS3014	ILS0000	0.95	3	467	150	50
599	Blackberry Smarties 100g	ILS3002	ILS26	0.95	3	417	100	20
600	Grape Candy Sticks 200g	ILS3002	ILS0006	0.97	1	0	80	20
601	Orange Gummi Fish 500g	ILS3002	ILS0006	0.9	7	1624	80	20
602	Grape Peach Blossoms 100g	ILS3014	ILS0000	0.97	1	0	40	20
603	Blackberry Gummi Bears 500g	ILS40	ILS46	0.9	7	492	500	20
604	Banana Boston Fruit Slices 200g	ILS3002		0.97	1	0	80	20
605	Banana Lollipop 100g	ILS60	ILS66	0.95	3	387	30	10
606	Orange Sour Patch Kids 500g	ILS40	ILS42	0.9	7	82	390	10
607	Cherry Chupa Chups 100g	ILS3006	ILS0000	0.95	3	465	140	20
608	Orange Sour Punch Straws 100g	ILS3006	ILS0000	0.9	7	1013	100	50
609	Blueberry Toxic Waste 500g	ILS40	ILS46	0.9	7	814	460	10
610	Orange Rocky Road 200g	ILS40	ILS46	0.97	1	0	50	50
611	Cherry Lollipop 200g	ILS60	ILS66	0.97	1	0	20	10
612	Watermelon Rocky Road 100g	ILS26	ILS2600	0.97	1	0	50	50
613	Banana Smarties 200g	ILS40	ILS46	0.97	1	0	100	50
614	Banana Saf-T-Pops 200g	ILS40	ILS4024	0.9	7	1258	300	50
615	Raspberry Gummi Worms 500g	ILS3014	ILS0000	0.97	1	0	70	10
616	Blackberry Saf-T-Pops 200g	ILS40	ILS46	0.95	3	301	360	20
617	Banana Chupa Chups 200g	ILS3002	ILS0006	0.97	1	0	40	20
618	Raspberry Peach Blossoms 100g	ILS3002	ILS0006	0.97	1	0	100	50
619	Blackberry U-No Bar 500g	ILS3014	ILS0000	0.9	7	1151	440	10
620	Cherry Caramel Creams 500g	ILS3002		0.97	1	0	30	10
621	Lemon Smarties 500g			0.95	3	250	390	10
622	Apple Caramel Squares 100g	ILS3006	ILS0000	0.97	1	0	60	20
623	Orange Caramel Squares 200g	ILS40	ILS42	0.95	3	489	200	50
624	Cherry Abba-Zaba 200g	ILS3014	ILS0000	0.97	1	0	50	50
625	Raspberry U-No Bar 500g	ILS26	ILS2600	0.9	7	828	950	50
626	Orange U-No Bar 200g	ILS40	ILS46	0.95	3	269	270	10
627	Strawberry Sour Punch Straws 200g	ILS3014	ILS0000	0.95	3	317	300	10
628	Blueberry Bit-O-Honey 500g	ILS3006	ILS0000	0.9	7	1122	100	50
629	Lemon Gummi Bears 500g	ILS3002	ILS0006	0.95	3	416	140	10
630	Strawberry Look! 200g	ILS3014	ILS0000	0.95	3	142	100	20
631	Blueberry Bit-o-Honey 200g	ILS60	ILS66	0.9	7	173	450	50
632	Lemon Sour Punch Straws 100g	ILS40	ILS48	0.97	1	0	80	20
633	Strawberry Lollipop 100g	ILS40	ILS46	0.95	3	44	240	20
634	Banana Smarties 500g	ILS40	ILS46	0.95	3	108	160	10
635	Orange Gummi Fish 200g	ILS40	ILS42	0.95	3	158	600	50
636	Blackberry Bit-O-Honey 500g	ILS40	ILS46	0.95	3	420	100	20
637	Raspberry Sugar Daddy 200g	ILS40	ILS46	0.9	7	641	1050	50
638	Cherry Caramels 200g	ILS40	ILS46	0.97	1	0	50	50
639	Banana Look! 100g	ILS3014	ILS0000	0.95	3	287	100	20
640	Grape Chupa Chups 100g	ILS3006	ILS0000	0.95	3	437	100	50
641	Strawberry Caramels 200g	ILS3002	ILS40	0.95	3	499	100	10
642	Blueberry Rocky Road 100g	ILS3014	ILS0000	0.97	1	0	60	20
643	Blueberry Caramels 100g	ILS40	ILS42	0.95	3	486	20	20
644	Blackberry Jawbreaker 500g	ILS3014	ILS0000	0.9	7	719	1090	10
645	Orange Look! 100g	ILS40	ILS46	0.95	3	457	120	20
646	Grape Sky Bar 200g	ILS40	ILS48	0.95	3	160	200	20
647	Cherry Sour Punch Straws 100g	ILS40	ILS42	0.95	3	301	410	10
648	Blackberry Dum Dum Pops 200g	ILS40	ILS42	0.97	1	0	10	10
649	Watermelon Lollipop 500g	ILS40	ILS46	0.9	7	343	380	20
650	Blueberry Gummi Bears 100g			0.97	1	0	20	20
651	Watermelon Black Jacks 100g	ILS3002	ILS3006	0.9	7	686	860	20
652	Watermelon Chupa Chups 200g	ILS2002	ILS0000	0.95	3	488	200	10
653	Cherry Sour Punch Straws 500g	ILS3014	ILS0000	0.95	3	380	40	20
654	Lemon Stick Candy 100g	ILS40	ILS46	0.97	1	0	70	10
655	Raspberry Smarties 500g	ILS40	ILS46	0.95	3	123	560	20
656	Banana Caramels 200g			0.95	3	227	200	50
657	Orange Caramel Creams 100g	ILS3014	ILS0000	0.95	3	128	400	20
658	Blueberry Chupa Chups 100g	ILS40	ILS46	0.95	3	218	350	50
659	Banana Jawbreaker 100g	ILS40	ILS46	0.97	1	0	60	20
660	Blueberry Caramels 200g	ILS3002	ILS2002	0.95	3	448	180	20
661	Blackberry Sky Bar 500g	ILS40	ILS46	0.9	7	1611	250	50
662	Lemon Tootsie Roll 500g	ILS3002	ILS3014	0.97	1	0	50	50
663	Lemon Sweethearts 100g	ILS3014	ILS0000	0.97	1	0	90	10
664	Raspberry Tootsie Roll 100g	ILS3014	ILS0000	0.97	1	0	50	50
665	Raspberry Black Jacks 200g	ILS40	ILS46	0.9	7	0	250	10
666	Cherry Dum Dum Pops 200g	ILS40	ILS46	0.97	1	0	40	10
667	Blackberry Peach Blossoms 200g	ILS60	ILS66	0.97	1	0	60	10
668	Cherry Smarties 200g	ILS3002		0.97	1	0	20	10
669	Blackberry Caramels 200g	ILS3014	ILS0000	0.97	1	0	20	20
670	Banana Warheads 200g	ILS3002	ILS0006	0.95	3	130	150	50
671	Blueberry Candy Sticks 100g	ILS40	ILS46	0.9	7	1512	30	10
672	Raspberry Gummi Cherries 500g	ILS3014	ILS0000	0.97	1	0	20	20
673	Watermelon Big Hunk 100g	ILS2002	ILS0000	0.97	1	0	20	20
674	Apple Saf-T-Pops 100g	ILS40	ILS48	0.95	3	156	50	50
675	Blackberry Chupa Chups 500g	ILS40	ILS4004	0.95	3	103	450	50
676	Cherry Gummi Bears 200g	ILS40	ILS4004	0.9	7	984	820	10
677	Raspberry Sky Bar 100g	ILS40	ILS46	0.97	1	0	20	20
678	Blueberry Lollipop 500g	ILS40	ILS46	0.95	3	279	300	50
679	Strawberry Rocky Road 200g	ILS40	ILS46	0.97	1	0	50	50
680	Watermelon Sky Bar 200g	ILS60	ILS66	0.97	1	0	50	10
681	Watermelon Candy canes 500g	ILS3014	ILS0000	0.95	3	402	150	50
682	Watermelon Bit-o-Honey 100g	ILS3002		0.97	1	0	100	50
683	Strawberry Tootsie Roll 100g	ILS40	ILS46	0.95	3	119	300	20
684	Blueberry Smarties 100g	ILS3014	ILS0000	0.9	7	773	320	10
685	Orange Gummi Cherries 500g	ILS40	ILS42	0.9	7	1620	380	20
686	Orange Black Jacks 100g	ILS40	ILS46	0.97	1	0	100	50
687	Lemon Smarties 100g	ILS40	ILS4004	0.97	1	0	20	20
688	Raspberry Tootsie Roll 500g	ILS3006	ILS0000	0.97	1	0	40	10
689	Watermelon Boston Fruit Slices 200g	ILS40	ILS4004	0.95	3	383	230	10
690	Apple Caramel Squares 500g	ILS40	ILS42	0.95	3	317	200	20
691	Lemon Bit-o-Honey 100g	ILS60	ILS66	0.95	3	438	50	50
692	Blueberry Boston Fruit Slices 200g	ILS40	ILS46	0.9	7	499	690	10
693	Cherry Bit-o-Honey 200g	ILS3014	ILS0000	0.97	1	0	40	20
694	Grape Bit-O-Honey 100g	ILS3002	ILS3014	0.95	3	166	400	50
695	Banana Warheads 500g	ILS3006	ILS0000	0.9	7	1524	310	10
696	Strawberry Warheads 100g	ILS3002	ILS40	0.97	1	0	50	50
697	Blueberry Dum Dum Pops 200g	ILS3006	ILS0000	0.97	1	0	50	50
698	Apple Warheads 500g	ILS40	ILS46	0.9	7	0	120	20
699	Apple Stick Candy 500g	ILS40	ILS42	0.95	3	401	300	50
700	Blueberry Saf-T-Pops 200g	ILS3014	ILS0000	0.95	3	251	10	10
701	Grape Gummi Bears 200g	ILS3014	ILS0000	0.95	3	488	50	10
702	Blueberry Sour Punch Straws 500g	ILS40	ILS42	0.97	1	0	30	10
703	Grape Candy canes 500g	ILS60	ILS66	0.97	1	0	20	10
704	Apple Sour Punch Straws 500g	ILS40	ILS4024	0.9	7	582	200	20
705	Apple Caramels 500g	ILS3002	ILS40	0.95	3	259	240	20
706	Strawberry Chupa Chups 100g			0.95	3	227	220	10
707	Raspberry Sour Punch Straws 100g	ILS3002		0.95	3	426	100	50
708	Grape Bit-o-Honey 100g	ILS40	ILS46	0.97	1	0	40	20
709	Lemon Sky Bar 200g	ILS3014	ILS0000	0.95	3	353	150	50
710	Lemon Rocky Road 200g	ILS60	ILS66	0.9	7	11	200	50
711	Raspberry Gummi Bears 500g	ILS3014	ILS0000	0.95	3	280	200	50
712	Grape Sour Punch Straws 100g	ILS60	ILS66	0.95	3	294	220	20
713	Cherry Toxic Waste 500g	ILS3014	ILS0000	0.97	1	0	60	20
714	Raspberry Bit-o-Honey 200g	ILS3002	ILS3006	0.97	1	0	70	10
715	Banana Big Hunk 200g	ILS40	ILS42	0.97	1	0	100	50
716	Blackberry Rocky Road 500g	ILS3006	ILS0000	0.95	3	97	160	10
717	Lemon Boston Fruit Slices 500g	ILS40	ILS46	0.97	1	0	80	20
718	Apple Sweethearts 200g	ILS3014	ILS0000	0.95	3	473	20	10
719	Lemon Chupa Chups 500g	ILS2002	ILS0000	0.9	7	628	860	20
720	Blackberry Smarties 500g	ILS3014	ILS0000	0.97	1	0	50	50
721	Blueberry Saf-T-Pops 500g	ILS60	ILS66	0.9	7	1288	840	10
722	Lemon Jawbreaker 500g	ILS40	ILS46	0.95	3	265	310	10
723	Strawberry Smarties 200g	ILS2002	ILS0000	0.95	3	407	250	50
724	Blackberry Candy Sticks 200g	ILS3002		0.9	7	758	910	10
725	Apple Sugar Daddy 100g	ILS40	ILS46	0.97	1	0	100	50
726	Orange Jawbreaker 500g	ILS40	ILS46	0.97	1	0	20	20
727	Raspberry Caramels 200g	ILS40	ILS46	0.9	7	0	400	20
728	Apple Caramel Squares 200g	ILS2002	ILS0000	0.95	3	393	230	10
729	Blueberry Sky Bar 100g	ILS40	ILS46	0.9	7	247	180	20
730	Lemon U-No Bar 500g	ILS40	ILS46	0.95	3	358	340	20
731	Cherry Bit-O-Honey 500g	ILS40	ILS46	0.9	7	1090	200	50
732	Cherry Dum Dum Pops 500g	ILS3006	ILS0000	0.95	3	526	60	20
733	Blackberry Black Jacks 500g	ILS60	ILS66	0.9	7	0	950	50
734	Lemon Sugar Daddy 100g	ILS40	ILS46	0.95	3	417	190	10
735	Orange Peach Blossoms 100g	ILS40	ILS4024	0.9	7	963	940	20
736	Apple Peach Blossoms 500g	ILS40	ILS46	0.9	7	219	330	10
737	Watermelon Abba-Zaba 500g	ILS40	ILS4004	0.95	3	489	50	10
738	Blackberry Caramel Squares 100g	ILS3014	ILS0000	0.97	1	0	20	20
739	Blackberry Big Hunk 100g	ILS3014	ILS0000	0.95	3	43	50	50
740	Grape Abba-Zaba 200g	ILS40	ILS46	0.9	7	1180	1000	10
741	Orange Caramel Squares 100g	ILS40	ILS4004	0.9	7	1149	460	20
742	Blueberry U-No Bar 500g	ILS3014	ILS0000	0.95	3	519	140	10
743	Apple Bit-O-Honey 500g	ILS40	ILS42	0.9	7	1436	300	20
744	Strawberry Caramel Squares 200g	ILS40	ILS4024	0.95	3	201	300	20
745	Orange Look! 500g	ILS2002	ILS0000	0.9	7	1233	510	10
746	Blueberry Sour Patch Kids 200g	ILS3014	ILS0000	0.95	3	155	350	50
747	Blueberry Sugar Daddy 200g	ILS3014	ILS0000	0.9	7	998	500	50
748	Cherry Boston Fruit Slices 100g	ILS3002		0.97	1	0	60	20
749	Cherry U-No Bar 500g	ILS40	ILS46	0.95	3	289	260	20
750	Cherry Tootsie Roll 100g	ILS2002	ILS0000	0.97	1	0	50	50
751	Apple Sour Patch Kids 500g	ILS40	ILS4004	0.95	3	163	170	10
752	Cherry Caramels 100g	ILS3002	ILS40	0.97	1	0	60	10
753	Strawberry Lollipop 200g	ILS3002	ILS40	0.97	1	0	50	10
754	Raspberry Sweethearts 200g	ILS3002		0.9	7	979	770	10
755	Cherry Smarties 500g	ILS2002	ILS0000	0.9	7	888	530	10
756	Watermelon Caramel Squares 100g	ILS60	ILS66	0.9	7	14	660	20
757	Raspberry Sour Patch Kids 200g	ILS60	ILS66	0.97	1	0	20	20
758	Lemon Gummi Fish 200g	ILS40	ILS46	0.95	3	507	300	20
759	Banana Gummi Bears 500g			0.97	1	0	40	20
760	Apple Bit-o-Honey 100g	ILS40	ILS48	0.95	3	258	250	50
761	Blackberry Gummi Fish 500g	ILS3014	ILS0000	0.95	3	222	270	10
762	Cherry Dum Dum Pops 100g			0.9	7	84	560	10
763	Cherry Gummi Bears 500g	ILS3014	ILS0000	0.97	1	0	60	20
764	Apple Lollipop 200g	ILS40	ILS46	0.9	7	927	700	50
765	Orange Caramels 100g	ILS40	ILS48	0.95	3	82	30	10
766	Strawberry Bit-O-Honey 500g	ILS2002	ILS0000	0.95	3	316	180	20
767	Apple U-No Bar 500g	ILS60	ILS66	0.9	7	425	1700	10
768	Strawberry Gummi Bears 100g	ILS3014	ILS0000	0.95	3	322	300	50
769	Lemon Stick Candy 500g	ILS40	ILS46	0.97	1	0	50	50
770	Lemon Bit-o-Honey 200g	ILS3014	ILS0000	0.97	1	0	60	20
771	Watermelon Lollipop 100g	ILS40	ILS4004	0.95	3	429	140	20
772	Blackberry Big Hunk 500g	ILS40	ILS4004	0.9	7	571	1350	50
773	Apple Warheads 200g	ILS40	ILS46	0.9	7	442	500	10
774	Grape Caramel Creams 100g	ILS60	ILS66	0.9	7	267	240	20
775	Blueberry U-No Bar 100g	ILS3006	ILS0000	0.9	7	0	220	10
776	Banana Sour Punch Straws 100g	ILS3002	ILS3014	0.97	1	0	40	20
777	Strawberry Sweethearts 100g	ILS40	ILS4024	0.97	1	0	50	50
778	Banana U-No Bar 500g	ILS40	ILS42	0.97	1	0	100	50
779	Grape Bit-o-Honey 500g	ILS40	ILS46	0.97	1	0	20	20
780	Grape Rocky Road 200g	ILS40	ILS46	0.9	7	1170	400	50
781	Blackberry Tootsie Roll 200g	ILS40	ILS4004	0.97	1	0	40	20
782	Banana Gummi Cherries 200g	ILS40	ILS46	0.95	3	369	160	10
783	Grape Gummi Cherries 500g	ILS40	ILS46	0.9	7	1522	50	50
784	Apple Candy canes 200g	ILS3014	ILS0000	0.95	3	256	190	10
785	Cherry Sugar Daddy 200g	ILS40	ILS46	0.97	1	0	70	10
786	Raspberry Sour Punch Straws 500g	ILS3014	ILS0000	0.97	1	0	60	20
787	Banana Chupa Chups 100g	ILS40	ILS46	0.97	1	0	100	50
788	Banana Sweethearts 500g	ILS3002		0.95	3	465	300	10
789	Apple Chupa Chups 500g	ILS40	ILS46	0.97	1	0	30	10
790	Blueberry Caramel Creams 200g	ILS40	ILS4024	0.97	1	0	40	10
791	Banana Gummi Cherries 500g	ILS40	ILS4004	0.95	3	331	200	50
792	Strawberry Warheads 200g	ILS40	ILS46	0.9	7	1716	100	50
793	Lemon Sky Bar 500g	ILS40	ILS46	0.95	3	69	350	50
794	Strawberry Peach Blossoms 500g	ILS40	ILS4024	0.95	3	128	100	50
795	Lemon Sour Patch Kids 100g	ILS3006	ILS0000	0.95	3	123	140	20
796	Grape Tootsie Roll 100g	ILS40	ILS46	0.9	7	892	330	10
797	Raspberry Bit-O-Honey 500g	ILS3006	ILS0000	0.9	7	397	1000	50
798	Blueberry Black Jacks 500g	ILS3006	ILS0000	0.9	7	1585	450	50
799	Apple Smarties 500g	ILS40	ILS46	0.95	3	373	200	50
800	Banana Gummi Worms 200g	ILS40	ILS46	0.95	3	533	100	20
801	Watermelon Tootsie Roll 200g	ILS3006	ILS0000	0.97	1	0	60	10
802	Lemon Gummi Cherries 200g			0.97	1	0	20	20
803	Raspberry Toxic Waste 100g	ILS40	ILS46	0.9	7	0	300	50
804	Orange Abba-Zaba 500g	ILS3014	ILS0000	0.9	7	1086	980	20
805	Cherry Caramel Creams 200g	ILS40	ILS46	0.97	1	0	50	10
806	Strawberry Tootsie Roll 500g	ILS40	ILS46	0.97	1	0	60	20
807	Blueberry Tootsie Roll 500g	ILS3014	ILS0000	0.95	3	208	60	20
808	Blueberry Chupa Chups 200g	ILS3014	ILS0000	0.9	7	1207	320	10
809	Blackberry Dum Dum Pops 100g	ILS40	ILS48	0.97	1	0	50	50
810	Strawberry Saf-T-Pops 200g	ILS3006	ILS0000	0.95	3	124	500	20
811	Banana Abba-Zaba 200g			0.97	1	0	100	50
812	Apple Tootsie Roll 500g			0.9	7	783	50	50
813	Watermelon Gummi Bears 100g	ILS40	ILS42	0.95	3	195	220	20
814	Raspberry Candy canes 500g	ILS40	ILS46	0.97	1	0	20	10
815	Raspberry Chupa Chups 100g	ILS40	ILS42	0.95	3	487	100	50
816	Lemon Jawbreaker 200g	ILS40	ILS48	0.95	3	322	50	50
817	Grape Gummi Cherries 200g	ILS3014	ILS0000	0.9	7	1075	540	20
818	Grape Big Hunk 500g	ILS3006	ILS0000	0.9	7	534	100	50
819	Lemon Black Jacks 100g	ILS3006	ILS0000	0.95	3	466	80	20
820	Apple Toxic Waste 100g	ILS3014	ILS0000	0.95	3	160	190	10
821	Blueberry Sweethearts 200g	ILS40	ILS46	0.95	3	367	200	50
822	Grape Sour Punch Straws 200g	ILS3002		0.9	7	0	280	20
823	Watermelon Abba-Zaba 100g			0.97	1	0	50	50
824	Blackberry Peach Blossoms 500g	ILS40	ILS4024	0.9	7	1534	380	20
825	Cherry Look! 500g	ILS3006	ILS0000	0.95	3	303	250	10
826	Grape Sour Patch Kids 100g			0.95	3	263	50	50
827	Banana Look! 500g			0.9	7	2172	180	10
828	Watermelon Bit-O-Honey 100g	ILS40	ILS46	0.95	3	484	100	10
829	Blackberry Bit-o-Honey 200g	ILS40	ILS46	0.95	3	167	240	10
830	Blackberry Gummi Cherries 200g	ILS3006	ILS0000	0.97	1	0	50	50
831	Banana Rocky Road 500g	ILS40	ILS4024	0.97	1	0	20	20
832	Raspberry Tootsie Roll 200g	ILS3014	ILS0000	0.95	3	266	410	10
833	Blackberry U-No Bar 200g			0.95	3	410	160	20
834	Blueberry Look! 200g	ILS3002	ILS40	0.9	7	1530	230	10
835	Strawberry Gummi Bears 500g	ILS3006	ILS0000	0.97	1	0	50	50
836	Grape Chupa Chups 200g	ILS40	ILS46	0.95	3	156	300	50
837	Blackberry Toxic Waste 500g	ILS40	ILS46	0.95	3	394	340	20
838	Blackberry Saf-T-Pops 100g	ILS40	ILS48	0.95	3	447	180	20
839	Raspberry Black Jacks 500g	ILS40	ILS48	0.9	7	1343	150	50
840	Banana Bit-O-Honey 100g	ILS40	ILS46	0.97	1	0	10	10
841	Strawberry U-No Bar 200g	ILS40	ILS46	0.95	3	230	350	50
842	Lemon Boston Fruit Slices 100g	ILS3006	ILS0000	0.9	7	437	1550	50
843	Raspberry Rocky Road 500g	ILS40	ILS48	0.97	1	0	80	20
844	Grape Sky Bar 100g	ILS40	ILS46	0.95	3	413	250	50
845	Cherry Big Hunk 100g	ILS3014	ILS0000	0.95	3	617	160	20
846	Cherry Sour Patch Kids 500g	ILS60	ILS66	0.9	7	867	200	50
847	Raspberry Candy canes 100g	ILS3006	ILS0000	0.9	7	1090	930	10
848	Apple Caramel Creams 100g	ILS40	ILS4024	0.95	3	267	400	50
849	Raspberry Candy canes 200g	ILS2002	ILS0000	0.97	1	0	100	50
850	Cherry Saf-T-Pops 500g	ILS3014	ILS0000	0.9	7	1612	60	20
851	Raspberry Sugar Daddy 500g	ILS40	ILS46	0.95	3	241	100	50
852	Grape Big Hunk 100g			0.97	1	0	20	10
853	Blackberry Smarties 200g	ILS3002	ILS40	0.95	3	107	50	50
854	Grape Sugar Daddy 100g	ILS60	ILS66	0.95	3	429	140	20
855	Watermelon Rocky Road 500g	ILS3014	ILS0000	0.9	7	870	340	20
856	Strawberry Jawbreaker 200g	ILS40	ILS48	0.97	1	0	20	10
857	Blueberry Saf-T-Pops 100g	ILS40	ILS46	0.9	7	1543	400	50
858	Raspberry Rocky Road 100g	ILS3014	ILS0000	0.97	1	0	60	10
859	Raspberry Big Hunk 100g	ILS40	ILS42	0.9	7	739	480	10
860	Lemon Lollipop 500g	ILS3002	ILS3006	0.97	1	0	100	50
861	Lemon Peach Blossoms 100g	ILS3002	ILS40	0.97	1	0	20	10
862	Watermelon Sky Bar 100g	ILS3014	ILS0000	0.97	1	0	100	50
863	Raspberry Gummi Fish 100g	ILS3006	ILS0000	0.9	7	1256	550	50
864	Orange Gummi Cherries 200g	ILS3014	ILS0000	0.9	7	1599	300	50
865	Watermelon Caramel Creams 100g	ILS40	ILS46	0.95	3	197	160	10
866	Raspberry Jawbreaker 500g	ILS3014	ILS0000	0.95	3	362	280	20
867	Strawberry Peach Blossoms 200g	ILS40	ILS46	0.9	7	859	560	20
868	Strawberry Gummi Cherries 500g	ILS3006	ILS0000	0.9	7	1023	1250	50
869	Grape Caramel Squares 200g	ILS40	ILS42	0.97	1	0	60	20
870	Strawberry Boston Fruit Slices 200g	ILS3006	ILS0000	0.95	3	447	80	20
871	Banana Dum Dum Pops 500g	ILS3006	ILS0000	0.9	7	255	300	50
872	Apple Abba-Zaba 100g	ILS60	ILS66	0.95	3	415	320	20
873	Raspberry Caramels 500g	ILS40	ILS46	0.97	1	0	60	20
874	Apple Boston Fruit Slices 100g	ILS3014	ILS0000	0.9	7	1177	360	20
875	Raspberry Caramel Creams 100g	ILS60	ILS66	0.95	3	546	20	20
876	Lemon Sweethearts 500g	ILS40	ILS46	0.9	7	371	650	50
877	Lemon Black Jacks 500g	ILS60	ILS66	0.9	7	825	780	20
878	Strawberry Abba-Zaba 500g	ILS40	ILS46	0.95	3	520	100	20
879	Grape Big Hunk 200g	ILS60	ILS66	0.97	1	0	30	10
880	Watermelon Sweethearts 500g	ILS40	ILS4024	0.95	3	342	50	10
881	Lemon Gummi Worms 500g	ILS40	ILS46	0.9	7	1276	130	10
882	Apple Gummi Fish 200g	ILS40	ILS48	0.97	1	0	60	20
883	Strawberry Sweethearts 500g	ILS40	ILS46	0.9	7	157	380	10
884	Watermelon Caramel Creams 200g	ILS3014	ILS0000	0.97	1	0	50	10
885	Blackberry Abba-Zaba 500g	ILS3006	ILS0000	0.9	7	1808	100	10
886	Raspberry Look! 100g	ILS60	ILS66	0.9	7	1298	650	50
887	Blackberry Caramel Creams 200g	ILS40	ILS46	0.9	7	1172	750	50
888	Watermelon Chupa Chups 500g	ILS3006	ILS0000	0.97	1	0	30	10
889	Orange Jawbreaker 200g	ILS3006	ILS0000	0.97	1	0	50	50
890	Cherry Bit-o-Honey 100g	ILS3002	ILS0006	0.95	3	509	210	10
891	Lemon Boston Fruit Slices 200g	ILS40	ILS46	0.95	3	508	80	20
892	Blackberry Bit-O-Honey 200g	ILS3014	ILS0000	0.9	7	444	20	20
893	Raspberry Sour Patch Kids 500g	ILS40	ILS46	0.95	3	489	30	10
894	Watermelon Toxic Waste 500g	ILS40	ILS46	0.95	3	162	160	10
895	Lemon Look! 100g	ILS40	ILS4024	0.95	3	472	150	50
896	Raspberry Sky Bar 200g	ILS3002	ILS3006	0.97	1	0	100	50
897	Apple Caramel Creams 500g	ILS40	ILS4024	0.9	7	1201	20	10
898	Apple Toxic Waste 500g	ILS40	ILS42	0.9	7	1557	50	50
899	Grape Gummi Fish 100g	ILS40	ILS4024	0.95	3	505	70	10
900	Blackberry Peach Blossoms 100g	ILS3002		0.97	1	0	50	50
901	Banana Peach Blossoms 200g	ILS40	ILS46	0.9	7	1446	380	20
902	Lemon Jawbreaker 100g	ILS40	ILS46	0.97	1	0	80	20
903	Lemon Dum Dum Pops 500g	ILS26	ILS2600	0.97	1	0	60	10
904	Blueberry Candy canes 100g	ILS40	ILS46	0.95	3	317	130	10
905	Grape Boston Fruit Slices 200g	ILS40	ILS42	0.95	3	337	300	20
906	Raspberry Toxic Waste 200g	ILS2002	ILS0000	0.97	1	0	80	20
907	Lemon Tootsie Roll 200g	ILS60	ILS66	0.97	1	0	40	20
908	Apple Candy Sticks 100g	ILS3002	ILS0006	0.95	3	252	380	10
909	Lemon Bit-O-Honey 500g	ILS40	ILS46	0.95	3	80	450	50
910	Lemon Saf-T-Pops 500g	ILS40	ILS46	0.95	3	437	40	20
911	Raspberry Sweethearts 100g	ILS3014	ILS0000	0.95	3	305	250	50
912	Watermelon Toxic Waste 100g	ILS3002	ILS40	0.95	3	185	250	50
913	Orange Boston Fruit Slices 100g	ILS3014	ILS0000	0.97	1	0	50	50
914	Cherry Warheads 100g	ILS40	ILS46	0.9	7	700	600	50
915	Orange Rocky Road 500g	ILS3014	ILS0000	0.95	3	55	400	10
916	Lemon Saf-T-Pops 100g	ILS40	ILS46	0.95	3	594	250	50
917	Raspberry Warheads 500g	ILS2002	ILS0000	0.9	7	673	80	10
918	Banana Caramel Creams 500g	ILS40	ILS46	0.9	7	1258	340	20
919	Strawberry Stick Candy 200g	ILS40	ILS46	0.97	1	0	50	50
920	Strawberry Tootsie Roll 200g	ILS3002	ILS0006	0.97	1	0	100	50
921	Watermelon Stick Candy 200g	ILS40	ILS46	0.95	3	213	220	10
922	Blackberry Gummi Fish 100g	ILS2002	ILS0000	0.9	7	959	300	20
923	Blackberry Caramels 500g			0.95	3	278	420	20
924	Strawberry Smarties 500g	ILS40	ILS42	0.97	1	0	50	10
925	Blueberry Smarties 200g	ILS40	ILS42	0.97	1	0	20	20
926	Banana Bit-O-Honey 200g	ILS60	ILS66	0.95	3	53	600	50
927	Raspberry Gummi Bears 200g	ILS60	ILS66	0.95	3	463	130	10
928	Grape Warheads 200g	ILS60	ILS66	0.97	1	0	50	50
929	Apple Candy Sticks 200g	ILS3002		0.9	7	1264	120	10
930	Strawberry Black Jacks 100g			0.97	1	0	30	10
931	Lemon Black Jacks 200g	ILS40	ILS42	0.95	3	42	350	10
932	Grape Jawbreaker 200g	ILS60	ILS66	0.95	3	179	440	20
933	Grape Dum Dum Pops 200g	ILS3006	ILS0000	0.95	3	175	150	50
934	Orange Bit-o-Honey 100g	ILS40	ILS46	0.9	7	1423	220	20
935	Strawberry Sour Patch Kids 200g	ILS60	ILS66	0.9	7	331	50	50
936	Grape Caramel Squares 500g	ILS40	ILS46	0.97	1	0	40	20
937	Apple Abba-Zaba 200g	ILS40	ILS46	0.9	7	0	410	10
938	Banana Candy Sticks 100g	ILS3014	ILS0000	0.95	3	122	220	20
939	Lemon Caramel Creams 100g	ILS60	ILS66	0.9	7	449	490	10
940	Lemon Caramels 100g	ILS3006	ILS0000	0.97	1	0	20	10
941	Blackberry Gummi Cherries 100g	ILS26	ILS2600	0.95	3	396	240	10
942	Blackberry Toxic Waste 100g	ILS2002	ILS0000	0.9	7	1513	540	20
943	Apple Black Jacks 500g	ILS40	ILS42	0.97	1	0	50	50
944	Strawberry Sour Patch Kids 500g	ILS40	ILS46	0.9	7	434	120	10
945	Apple Bit-O-Honey 200g	ILS3014	ILS0000	0.9	7	814	40	20
946	Apple Candy canes 100g	ILS40	ILS4024	0.97	1	0	10	10
947	Blackberry Abba-Zaba 200g	ILS40	ILS4024	0.9	7	1129	580	20
948	Orange Lollipop 500g	ILS40	ILS4004	0.97	1	0	100	20
949	Apple Abba-Zaba 500g	ILS40	ILS42	0.97	1	0	50	50
950	Blueberry Sugar Daddy 500g	ILS60	ILS66	0.97	1	0	40	20
951	Grape Sweethearts 100g	ILS40	ILS42	0.97	1	0	20	10
952	Strawberry Boston Fruit Slices 500g	ILS40	ILS46	0.97	1	0	60	10
953	Lemon Gummi Bears 200g	ILS40	ILS46	0.9	7	1530	640	20
954	Watermelon Sour Punch Straws 200g	ILS3006	ILS0000	0.95	3	181	380	10
955	Strawberry Gummi Fish 200g	ILS40	ILS46	0.95	3	42	560	20
956	Banana Chupa Chups 500g	ILS26	ILS2600	0.9	7	681	320	10
957	Grape U-No Bar 500g	ILS2002	ILS0000	0.9	7	588	660	20
958	Watermelon Chupa Chups 100g	ILS3014	ILS0000	0.95	3	167	420	20
959	Grape Gummi Fish 500g	ILS40	ILS46	0.9	7	948	500	50
960	Raspberry Gummi Cherries 100g			0.95	3	183	350	50
961	Blueberry Sugar Daddy 100g	ILS40	ILS42	0.95	3	526	300	50
962	Raspberry Caramel Squares 200g	ILS40	ILS48	0.97	1	0	50	50
963	Watermelon Smarties 100g	ILS2002	ILS0000	0.95	3	238	120	10
964	Blackberry Lollipop 200g	ILS40	ILS46	0.9	7	647	870	10
965	Raspberry Abba-Zaba 200g	ILS40	ILS42	0.95	3	539	10	10
966	Lemon Gummi Fish 500g	ILS40	ILS42	0.97	1	0	50	50
967	Raspberry Caramel Squares 100g	ILS2002	ILS0000	0.95	3	221	370	10
968	Orange U-No Bar 500g	ILS3014	ILS0000	0.95	3	451	100	50
969	Apple Look! 500g	ILS40	ILS46	0.9	7	959	150	50
970	Blueberry Bit-O-Honey 100g	ILS40	ILS42	0.97	1	0	70	10
971	Apple Bit-O-Honey 100g	ILS2002	ILS0000	0.9	7	1049	440	10
972	Lemon Warheads 200g	ILS2002	ILS0000	0.95	3	400	90	10
973	Strawberry Boston Fruit Slices 100g	ILS40	ILS4024	0.95	3	218	350	50
974	Banana Gummi Fish 500g	ILS60	ILS66	0.95	3	74	200	50
975	Cherry Saf-T-Pops 100g	ILS60	ILS66	0.95	3	554	50	50
976	Cherry Rocky Road 100g	ILS40	ILS46	0.9	7	1187	400	50
977	Apple Toxic Waste 200g	ILS40	ILS46	0.95	3	484	100	50
978	Watermelon Sour Patch Kids 200g	ILS3002		0.9	7	574	380	20
979	Grape Gummi Fish 200g	ILS40	ILS48	0.95	3	492	50	50
980	Blueberry Caramel Creams 100g	ILS40	ILS4024	0.95	3	72	340	20
981	Blueberry Sky Bar 500g	ILS40	ILS46	0.95	3	178	120	10
982	Lemon Caramels 500g	ILS3002		0.95	3	594	80	20
983	Raspberry Abba-Zaba 100g			0.97	1	0	10	10
984	Apple Sour Patch Kids 100g	ILS40	ILS46	0.9	7	579	750	50
985	Watermelon Gummi Fish 100g	ILS3014	ILS0000	0.9	7	1197	520	10
986	Strawberry Black Jacks 200g	ILS3014	ILS0000	0.9	7	507	40	20
987	Watermelon U-No Bar 100g	ILS40	ILS42	0.97	1	2	20	10
988	Lemon U-No Bar 100g	ILS40	ILS4004	0.9	7	1268	250	50
989	Lemon Peach Blossoms 500g	ILS60	ILS66	0.9	7	548	860	20
990	Blueberry Caramel Squares 500g	ILS40	ILS46	0.95	3	402	90	10
991	Grape Gummi Worms 100g	ILS2002	ILS0000	0.9	7	1419	510	10
992	Apple Gummi Fish 100g	ILS40	ILS46	0.97	1	0	10	10
993	Banana Tootsie Roll 100g	ILS40	ILS4004	0.95	3	377	270	10
994	Cherry Stick Candy 500g	ILS40	ILS46	0.95	3	309	150	50
995	Grape Tootsie Roll 500g	ILS40	ILS46	0.97	1	0	20	20
996	Cherry Bit-o-Honey 500g	ILS60	ILS66	0.95	3	527	100	50
997	Blueberry Sour Punch Straws 100g	ILS3014	ILS0000	0.9	7	1369	60	20
998	Cherry Toxic Waste 100g	ILS2002	ILS0000	0.9	7	1529	830	10
999	Orange Rocky Road 100g	ILS40	ILS4024	0.9	7	1127	300	20
1000	Blueberry Sweethearts 500g	ILS2002	ILS0000	0.9	7	1625	100	10
1001	Grape Gummi Worms 200g	ILS40	ILS48	0.97	1	0	50	50
1002	Lemon U-No Bar 200g	ILS2002	ILS0000	0.9	7	297	450	50
1003	Lemon Bit-o-Honey 500g	ILS60	ILS66	0.97	1	3	50	50
1004	Watermelon Candy Sticks 200g	ILS40	ILS48	0.95	3	297	200	20
1005	Lemon Bit-O-Honey 200g	ILS40	ILS46	0.95	3	280	140	10
1006	Strawberry Rocky Road 100g	ILS40	ILS42	0.9	7	1532	350	50
1007	Watermelon Smarties 200g	ILS40	ILS48	0.95	3	261	350	50
1008	Banana Look! 200g	ILS40	ILS46	0.95	3	197	250	50
1009	Watermelon Caramels 200g	ILS40	ILS46	0.9	7	1764	460	10
1010	Orange Warheads 200g	ILS40	ILS46	0.95	3	100	150	50
1011	Apple Rocky Road 500g	ILS40	ILS46	0.95	3	13	300	50
1012	Raspberry Gummi Fish 500g	ILS40	ILS42	0.9	7	1100	650	50
1013	Grape Caramels 100g			0.95	3	219	260	10
1014	Strawberry Toxic Waste 200g	ILS3014	ILS0000	0.9	7	1585	400	20
1015	Orange Gummi Fish 100g	ILS40	ILS42	0.97	1	0	50	50
1016	Cherry Gummi Fish 500g	ILS60	ILS66	0.97	1	0	60	20
1017	Banana Sweethearts 200g	ILS3014	ILS0000	0.95	3	297	60	20
1018	Banana Sugar Daddy 500g	ILS40	ILS46	0.9	7	1448	250	50
1019	Cherry Peach Blossoms 500g	ILS40	ILS48	0.95	3	106	180	20
1020	Blackberry Jawbreaker 200g	ILS3002		0.95	3	317	200	50
1021	Cherry Sugar Daddy 100g	ILS60	ILS66	0.9	7	1678	220	20
1022	Cherry Gummi Cherries 500g			0.95	3	55	300	20
1023	Blackberry Bit-o-Honey 500g	ILS40	ILS46	0.97	1	0	50	10
1024	Banana Rocky Road 200g	ILS60	ILS66	0.95	3	200	300	50
1025	Cherry Warheads 500g	ILS60	ILS66	0.9	7	110	400	50
1026	Apple Sugar Daddy 500g	ILS60	ILS66	0.9	7	446	250	50
1027	Raspberry Rocky Road 200g	ILS3014	ILS0000	0.9	7	967	950	50
1028	Blueberry Sour Patch Kids 100g	ILS40	ILS46	0.9	7	1548	180	10
1029	Banana Sour Patch Kids 200g	ILS3014	ILS0000	0.97	1	0	90	10
1030	Banana Sweethearts 100g			0.9	7	1230	150	50
1031	Banana Gummi Bears 100g	ILS3006	ILS0000	0.95	3	462	240	20
1032	Blueberry Boston Fruit Slices 100g	ILS40	ILS42	0.95	3	325	310	10
1033	Cherry Abba-Zaba 500g	ILS60	ILS66	0.9	7	1230	100	20
1034	Blackberry Look! 500g	ILS40	ILS46	0.9	7	991	790	10
1035	Lemon Sugar Daddy 200g	ILS40	ILS48	0.9	7	362	1010	10
